"sample_index","timestamp_utc","elapsed_seconds","pid","parent_pid","process_name","instance_key","event","cpu_total_seconds","working_set_bytes","private_bytes","error"
"1","2026-09-12T05:26:37.4771455Z","1.738313","67832","60760","conhost.exe","67832:639247875969048440","SampleFailed",,,,"Cannot find a process with the process identifier 67832."
"1","2026-09-12T05:26:37.4832712Z","1.743044","60760","117368","UnrealTraceServer.exe","60760:639247875968860420","SampleFailed",,,,"Cannot find a process with the process identifier 60760."
"1","2026-09-12T05:26:37.5184519Z","1.778239","117368","27016","UnrealEditor","117368:639247875957124820","New","1.171875","397348864","407736320",""
"2","2026-09-12T05:26:39.0232665Z","3.283065","67832","60760","conhost.exe","67832:639247875969048440","Exited",,,,""
"2","2026-09-12T05:26:39.0234743Z","3.283257","60760","117368","UnrealTraceServer.exe","60760:639247875968860420","Exited",,,,""
"2","2026-09-12T05:26:39.0459013Z","3.305700","117368","27016","UnrealEditor","117368:639247875957124820","Sample","1.687500","757915648","803381248",""
"3","2026-09-12T05:26:40.4877920Z","4.747603","117368","27016","UnrealEditor","117368:639247875957124820","Sample","2.687500","936292352","980590592",""
"4","2026-09-12T05:26:41.8883609Z","6.148184","117368","27016","UnrealEditor","117368:639247875957124820","Sample","7.531250","1054994432","1106038784",""
"5","2026-09-12T05:26:43.3534147Z","7.613255","117368","27016","UnrealEditor","117368:639247875957124820","Sample","9.484375","1467965440","1538273280",""
"6","2026-09-12T05:26:44.8104521Z","9.070303","117368","27016","UnrealEditor","117368:639247875957124820","Sample","10.093750","1658118144","1669750784",""
"7","2026-09-12T05:26:46.4334201Z","10.693287","117368","27016","UnrealEditor","117368:639247875957124820","Sample","11.500000","1908240384","1882652672",""
"8","2026-09-12T05:26:48.1876779Z","12.447564","117368","27016","UnrealEditor","117368:639247875957124820","Sample","16.734375","2494439424","2607558656",""
"9","2026-09-12T05:26:49.9002136Z","14.160115","117368","27016","UnrealEditor","117368:639247875957124820","Sample","18.531250","3076218880","3349323776",""
"10","2026-09-12T05:26:51.6715329Z","15.931448","117368","27016","UnrealEditor","117368:639247875957124820","Sample","22.062500","3288072192","3559518208",""
"11","2026-09-12T05:26:53.3475555Z","17.607486","117368","27016","UnrealEditor","117368:639247875957124820","Sample","24.312500","3290468352","3560071168",""
"12","2026-09-12T05:26:54.9219418Z","19.181888","117368","27016","UnrealEditor","117368:639247875957124820","Sample","26.250000","3293835264","3472338944",""
"13","2026-09-12T05:26:56.5275192Z","20.787498","117368","27016","UnrealEditor","117368:639247875957124820","Sample","28.468750","3295494144","3472601088",""
"14","2026-09-12T05:26:58.1270279Z","22.387006","117368","27016","UnrealEditor","117368:639247875957124820","Sample","30.484375","3227054080","3400527872",""
"15","2026-09-12T05:26:59.6291980Z","23.889189","117368","27016","UnrealEditor","117368:639247875957124820","Sample","32.250000","3226710016","3398692864",""
"16","2026-09-12T05:27:01.1060337Z","25.366038","117368","27016","UnrealEditor","117368:639247875957124820","Sample","33.515625","3241590784","3419049984",""
"17","2026-09-12T05:27:02.7194977Z","26.979520","124584","117368","EpicWebHelper.exe","124584:639247876215723220","New","0.078125","28721152","19484672",""
"17","2026-09-12T05:27:02.7452472Z","27.005271","117368","27016","UnrealEditor","117368:639247875957124820","Sample","35.656250","3352711168","3465195520",""
"17","2026-09-12T05:27:02.7703978Z","27.030421","3024","117368","EpicWebHelper.exe","3024:639247876215207150","New","0.218750","86052864","92004352",""
"17","2026-09-12T05:27:02.7917533Z","27.051774","17692","117368","EpicWebHelper.exe","17692:639247876215552910","New","0.218750","42274816","21966848",""
"17","2026-09-12T05:27:02.8154444Z","27.075467","124248","117368","EpicWebHelper.exe","124248:639247876216080510","New","0.031250","38998016","24498176",""
"17","2026-09-12T05:27:02.8390288Z","27.099049","35164","117368","EpicWebHelper.exe","35164:639247876216194900","New","0.078125","62193664","29593600",""
"18","2026-09-12T05:27:04.4163451Z","28.676383","124584","117368","EpicWebHelper.exe","124584:639247876215723220","Sample","0.078125","28721152","19484672",""
"18","2026-09-12T05:27:04.4389353Z","28.698972","117368","27016","UnrealEditor","117368:639247875957124820","Sample","37.890625","3354562560","3465199616",""
"18","2026-09-12T05:27:04.4608909Z","28.720932","3024","117368","EpicWebHelper.exe","3024:639247876215207150","Sample","0.218750","84885504","90836992",""
"18","2026-09-12T05:27:04.4842580Z","28.744340","17692","117368","EpicWebHelper.exe","17692:639247876215552910","Sample","0.218750","42274816","21966848",""
"18","2026-09-12T05:27:04.5082422Z","28.768278","124248","117368","EpicWebHelper.exe","124248:639247876216080510","Sample","0.031250","38998016","24498176",""
"18","2026-09-12T05:27:04.5307704Z","28.790806","35164","117368","EpicWebHelper.exe","35164:639247876216194900","Sample","0.125000","63574016","30498816",""
"19","2026-09-12T05:27:06.0954754Z","30.355557","124584","117368","EpicWebHelper.exe","124584:639247876215723220","Sample","0.078125","28721152","19484672",""
"19","2026-09-12T05:27:06.1192281Z","30.379307","117368","27016","UnrealEditor","117368:639247875957124820","Sample","40.468750","3362680832","3467165696",""
"19","2026-09-12T05:27:06.1415303Z","30.401580","3024","117368","EpicWebHelper.exe","3024:639247876215207150","Sample","0.234375","87146496","92950528",""
"19","2026-09-12T05:27:06.1632923Z","30.423343","17692","117368","EpicWebHelper.exe","17692:639247876215552910","Sample","0.218750","42315776","21880832",""
"19","2026-09-12T05:27:06.1850651Z","30.445116","124248","117368","EpicWebHelper.exe","124248:639247876216080510","Sample","0.031250","38998016","24498176",""
"19","2026-09-12T05:27:06.2074530Z","30.467505","35164","117368","EpicWebHelper.exe","35164:639247876216194900","Sample","0.250000","64888832","31420416",""
"20","2026-09-12T05:27:07.7709779Z","32.031045","124584","117368","EpicWebHelper.exe","124584:639247876215723220","Sample","0.078125","28721152","19484672",""
"20","2026-09-12T05:27:07.7948531Z","32.054918","117368","27016","UnrealEditor","117368:639247875957124820","Sample","42.687500","3364032512","3466731520",""
"20","2026-09-12T05:27:07.8158789Z","32.075946","3024","117368","EpicWebHelper.exe","3024:639247876215207150","Sample","0.281250","87461888","93212672",""
"20","2026-09-12T05:27:07.8397924Z","32.099860","17692","117368","EpicWebHelper.exe","17692:639247876215552910","Sample","0.218750","42414080","21913600",""
"20","2026-09-12T05:27:07.8638778Z","32.123945","124248","117368","EpicWebHelper.exe","124248:639247876216080510","Sample","0.031250","39010304","24498176",""
"20","2026-09-12T05:27:07.8886566Z","32.148725","35164","117368","EpicWebHelper.exe","35164:639247876216194900","Sample","0.328125","67309568","32440320",""
"21","2026-09-12T05:27:09.4654804Z","33.725562","124584","117368","EpicWebHelper.exe","124584:639247876215723220","Sample","0.078125","28721152","19484672",""
"21","2026-09-12T05:27:09.4884981Z","33.748582","117368","27016","UnrealEditor","117368:639247875957124820","Sample","44.765625","3359838208","3460800512",""
"21","2026-09-12T05:27:09.5113452Z","33.771427","3024","117368","EpicWebHelper.exe","3024:639247876215207150","Sample","0.296875","88797184","94543872",""
"21","2026-09-12T05:27:09.5338424Z","33.793925","17692","117368","EpicWebHelper.exe","17692:639247876215552910","Sample","0.218750","42414080","21913600",""
"21","2026-09-12T05:27:09.5571464Z","33.817230","124248","117368","EpicWebHelper.exe","124248:639247876216080510","Sample","0.031250","39010304","24498176",""
"21","2026-09-12T05:27:09.5801223Z","33.840206","35164","117368","EpicWebHelper.exe","35164:639247876216194900","Sample","0.375000","68685824","34131968",""
"22","2026-09-12T05:27:11.1646658Z","35.424765","124584","117368","EpicWebHelper.exe","124584:639247876215723220","Sample","0.078125","28721152","19484672",""
"22","2026-09-12T05:27:11.1867540Z","35.446852","117368","27016","UnrealEditor","117368:639247875957124820","Sample","47.062500","3361546240","3460841472",""
"22","2026-09-12T05:27:11.2093730Z","35.469478","3024","117368","EpicWebHelper.exe","3024:639247876215207150","Sample","0.296875","89186304","94932992",""
"22","2026-09-12T05:27:11.2323006Z","35.492401","17692","117368","EpicWebHelper.exe","17692:639247876215552910","Sample","0.218750","42651648","22151168",""
"22","2026-09-12T05:27:11.2548479Z","35.514947","124248","117368","EpicWebHelper.exe","124248:639247876216080510","Sample","0.031250","39010304","24498176",""
"22","2026-09-12T05:27:11.2791043Z","35.539204","35164","117368","EpicWebHelper.exe","35164:639247876216194900","Sample","0.484375","70897664","35921920",""
"23","2026-09-12T05:27:12.8569135Z","37.117028","124584","117368","EpicWebHelper.exe","124584:639247876215723220","Sample","0.078125","28729344","19488768",""
"23","2026-09-12T05:27:12.8797595Z","37.139873","117368","27016","UnrealEditor","117368:639247875957124820","Sample","49.390625","3363774464","3462258688",""
"23","2026-09-12T05:27:12.9026147Z","37.162730","3024","117368","EpicWebHelper.exe","3024:639247876215207150","Sample","0.328125","88117248","93859840",""
"23","2026-09-12T05:27:12.9257918Z","37.185907","17692","117368","EpicWebHelper.exe","17692:639247876215552910","Sample","0.250000","42762240","22212608",""
"23","2026-09-12T05:27:12.9492244Z","37.209339","124248","117368","EpicWebHelper.exe","124248:639247876216080510","Sample","0.031250","38961152","24428544",""
"23","2026-09-12T05:27:12.9725163Z","37.232633","35164","117368","EpicWebHelper.exe","35164:639247876216194900","Sample","0.546875","72335360","36827136",""
"24","2026-09-12T05:27:14.5788271Z","38.838958","124584","117368","EpicWebHelper.exe","124584:639247876215723220","Sample","0.078125","28729344","19488768",""
"24","2026-09-12T05:27:14.6020227Z","38.862155","117368","27016","UnrealEditor","117368:639247875957124820","Sample","51.750000","3365576704","3462258688",""
"24","2026-09-12T05:27:14.6247271Z","38.884859","3024","117368","EpicWebHelper.exe","3024:639247876215207150","Sample","0.359375","88248320","93990912",""
"24","2026-09-12T05:27:14.6485917Z","38.908723","17692","117368","EpicWebHelper.exe","17692:639247876215552910","Sample","0.250000","42766336","22216704",""
"24","2026-09-12T05:27:14.6725546Z","38.932698","124248","117368","EpicWebHelper.exe","124248:639247876216080510","Sample","0.031250","38961152","24428544",""
"24","2026-09-12T05:27:14.6983653Z","38.958497","35164","117368","EpicWebHelper.exe","35164:639247876216194900","Sample","0.687500","73216000","37679104",""
"25","2026-09-12T05:27:16.3819806Z","40.642128","124584","117368","EpicWebHelper.exe","124584:639247876215723220","Sample","0.078125","28729344","19488768",""
"25","2026-09-12T05:27:16.4050913Z","40.665239","117368","27016","UnrealEditor","117368:639247875957124820","Sample","54.265625","3367522304","3462389760",""
"25","2026-09-12T05:27:16.4282157Z","40.688363","3024","117368","EpicWebHelper.exe","3024:639247876215207150","Sample","0.390625","89587712","95330304",""
"25","2026-09-12T05:27:16.4503889Z","40.710537","17692","117368","EpicWebHelper.exe","17692:639247876215552910","Sample","0.250000","42766336","22216704",""
"25","2026-09-12T05:27:16.4788304Z","40.738980","124248","117368","EpicWebHelper.exe","124248:639247876216080510","Sample","0.031250","38961152","24428544",""
"25","2026-09-12T05:27:16.5028298Z","40.762982","35164","117368","EpicWebHelper.exe","35164:639247876216194900","Sample","0.765625","74170368","38359040",""
"26","2026-09-12T05:27:18.1381819Z","42.398346","124584","117368","EpicWebHelper.exe","124584:639247876215723220","Sample","0.078125","28729344","19488768",""
"26","2026-09-12T05:27:18.1594131Z","42.419579","117368","27016","UnrealEditor","117368:639247875957124820","Sample","56.812500","3369299968","3462393856",""
"26","2026-09-12T05:27:18.1813229Z","42.441488","3024","117368","EpicWebHelper.exe","3024:639247876215207150","Sample","0.453125","88424448","94167040",""
"26","2026-09-12T05:27:18.2033598Z","42.463525","17692","117368","EpicWebHelper.exe","17692:639247876215552910","Sample","0.250000","42782720","22216704",""
"26","2026-09-12T05:27:18.2253714Z","42.485538","124248","117368","EpicWebHelper.exe","124248:639247876216080510","Sample","0.031250","38961152","24428544",""
"26","2026-09-12T05:27:18.2454690Z","42.505634","35164","117368","EpicWebHelper.exe","35164:639247876216194900","Sample","0.968750","74829824","38993920",""
"27","2026-09-12T05:27:19.8263580Z","44.086538","124584","117368","EpicWebHelper.exe","124584:639247876215723220","Sample","0.078125","28729344","19488768",""
"27","2026-09-12T05:27:19.8471805Z","44.107362","117368","27016","UnrealEditor","117368:639247875957124820","Sample","59.015625","3370967040","3462393856",""
"27","2026-09-12T05:27:19.8677775Z","44.127958","3024","117368","EpicWebHelper.exe","3024:639247876215207150","Sample","0.484375","89587712","95330304",""
"27","2026-09-12T05:27:19.8887530Z","44.148940","17692","117368","EpicWebHelper.exe","17692:639247876215552910","Sample","0.250000","42782720","22216704",""
"27","2026-09-12T05:27:19.9104181Z","44.170601","124248","117368","EpicWebHelper.exe","124248:639247876216080510","Sample","0.031250","38961152","24428544",""
"27","2026-09-12T05:27:19.9318886Z","44.192075","35164","117368","EpicWebHelper.exe","35164:639247876216194900","Sample","1.000000","75190272","39235584",""
"28","2026-09-12T05:27:21.4742056Z","45.734406","124584","117368","EpicWebHelper.exe","124584:639247876215723220","Sample","0.078125","28729344","19488768",""
"28","2026-09-12T05:27:21.4944615Z","45.754659","117368","27016","UnrealEditor","117368:639247875957124820","Sample","60.953125","3371524096","3461484544",""
"28","2026-09-12T05:27:21.5157361Z","45.775933","3024","117368","EpicWebHelper.exe","3024:639247876215207150","Sample","0.515625","89616384","95350784",""
"28","2026-09-12T05:27:21.5361144Z","45.796316","17692","117368","EpicWebHelper.exe","17692:639247876215552910","Sample","0.250000","42782720","22216704",""
"28","2026-09-12T05:27:21.5561015Z","45.816298","124248","117368","EpicWebHelper.exe","124248:639247876216080510","Sample","0.031250","38961152","24428544",""
"28","2026-09-12T05:27:21.5762912Z","45.836489","35164","117368","EpicWebHelper.exe","35164:639247876216194900","Sample","1.171875","77316096","41668608",""
"29","2026-09-12T05:27:23.1264132Z","47.386626","124584","117368","EpicWebHelper.exe","124584:639247876215723220","Sample","0.078125","28729344","19488768",""
"29","2026-09-12T05:27:23.1477991Z","47.408017","117368","27016","UnrealEditor","117368:639247875957124820","Sample","63.296875","3371438080","3459518464",""
"29","2026-09-12T05:27:23.1682553Z","47.428468","3024","117368","EpicWebHelper.exe","3024:639247876215207150","Sample","0.515625","88444928","94187520",""
"29","2026-09-12T05:27:23.1884130Z","47.448626","17692","117368","EpicWebHelper.exe","17692:639247876215552910","Sample","0.250000","42782720","22216704",""
"29","2026-09-12T05:27:23.2087045Z","47.468917","124248","117368","EpicWebHelper.exe","124248:639247876216080510","Sample","0.031250","38961152","24428544",""
"29","2026-09-12T05:27:23.2279047Z","47.488121","35164","117368","EpicWebHelper.exe","35164:639247876216194900","Sample","1.234375","77869056","41914368",""
"30","2026-09-12T05:27:24.8190650Z","49.079294","124584","117368","EpicWebHelper.exe","124584:639247876215723220","Sample","0.078125","28729344","19488768",""
"30","2026-09-12T05:27:24.8403018Z","49.100530","117368","27016","UnrealEditor","117368:639247875957124820","Sample","65.718750","3368779776","3456241664",""
"30","2026-09-12T05:27:24.8615516Z","49.121781","3024","117368","EpicWebHelper.exe","3024:639247876215207150","Sample","0.515625","89624576","95354880",""
"30","2026-09-12T05:27:24.8829969Z","49.143226","17692","117368","EpicWebHelper.exe","17692:639247876215552910","Sample","0.250000","42782720","22216704",""
"30","2026-09-12T05:27:24.9038422Z","49.164071","124248","117368","EpicWebHelper.exe","124248:639247876216080510","Sample","0.031250","38961152","24428544",""
"30","2026-09-12T05:27:24.9243105Z","49.184540","35164","117368","EpicWebHelper.exe","35164:639247876216194900","Sample","1.296875","78123008","42393600",""
"31","2026-09-12T05:27:26.4953794Z","50.755628","124584","117368","EpicWebHelper.exe","124584:639247876215723220","Sample","0.078125","28729344","19488768",""
"31","2026-09-12T05:27:26.5163594Z","50.776604","117368","27016","UnrealEditor","117368:639247875957124820","Sample","68.000000","3367518208","3454013440",""
"31","2026-09-12T05:27:26.5367853Z","50.797030","3024","117368","EpicWebHelper.exe","3024:639247876215207150","Sample","0.531250","88465408","94195712",""
"31","2026-09-12T05:27:26.5569696Z","50.817214","17692","117368","EpicWebHelper.exe","17692:639247876215552910","Sample","0.250000","42782720","22216704",""
"31","2026-09-12T05:27:26.5791434Z","50.839399","124248","117368","EpicWebHelper.exe","124248:639247876216080510","Sample","0.031250","38961152","24428544",""
"31","2026-09-12T05:27:26.5993815Z","50.859626","35164","117368","EpicWebHelper.exe","35164:639247876216194900","Sample","1.328125","78295040","42463232",""
"32","2026-09-12T05:27:28.2611825Z","52.521445","124584","117368","EpicWebHelper.exe","124584:639247876215723220","Sample","0.078125","28729344","19488768",""
"32","2026-09-12T05:27:28.2816622Z","52.541924","117368","27016","UnrealEditor","117368:639247875957124820","Sample","70.046875","3367522304","3454013440",""
"32","2026-09-12T05:27:28.3023985Z","52.562661","3024","117368","EpicWebHelper.exe","3024:639247876215207150","Sample","0.546875","88465408","94195712",""
"32","2026-09-12T05:27:28.3226730Z","52.582939","17692","117368","EpicWebHelper.exe","17692:639247876215552910","Sample","0.250000","42782720","22216704",""
"32","2026-09-12T05:27:28.3424731Z","52.602735","124248","117368","EpicWebHelper.exe","124248:639247876216080510","Sample","0.031250","38961152","24428544",""
"32","2026-09-12T05:27:28.3630480Z","52.623311","35164","117368","EpicWebHelper.exe","35164:639247876216194900","Sample","1.375000","78462976","42659840",""
"33","2026-09-12T05:27:29.9213392Z","54.181616","124584","117368","EpicWebHelper.exe","124584:639247876215723220","Sample","0.078125","28729344","19488768",""
"33","2026-09-12T05:27:29.9421048Z","54.202382","117368","27016","UnrealEditor","117368:639247875957124820","Sample","72.156250","3367608320","3454017536",""
"33","2026-09-12T05:27:29.9622786Z","54.222556","3024","117368","EpicWebHelper.exe","3024:639247876215207150","Sample","0.546875","89632768","95363072",""
"33","2026-09-12T05:27:29.9835862Z","54.243864","17692","117368","EpicWebHelper.exe","17692:639247876215552910","Sample","0.250000","42782720","22216704",""
"33","2026-09-12T05:27:30.0045750Z","54.264854","124248","117368","EpicWebHelper.exe","124248:639247876216080510","Sample","0.031250","38961152","24428544",""
"33","2026-09-12T05:27:30.0239921Z","54.284271","35164","117368","EpicWebHelper.exe","35164:639247876216194900","Sample","1.406250","78581760","42835968",""
"34","2026-09-12T05:27:31.5378324Z","55.798128","124584","117368","EpicWebHelper.exe","124584:639247876215723220","Sample","0.078125","28729344","19488768",""
"34","2026-09-12T05:27:31.5585345Z","55.818829","117368","27016","UnrealEditor","117368:639247875957124820","Sample","74.062500","3367645184","3454042112",""
"34","2026-09-12T05:27:31.5784283Z","55.838722","3024","117368","EpicWebHelper.exe","3024:639247876215207150","Sample","0.562500","89632768","95363072",""
"34","2026-09-12T05:27:31.5984669Z","55.858761","17692","117368","EpicWebHelper.exe","17692:639247876215552910","Sample","0.250000","42782720","22216704",""
"34","2026-09-12T05:27:31.6193690Z","55.879664","124248","117368","EpicWebHelper.exe","124248:639247876216080510","Sample","0.031250","38961152","24428544",""
"34","2026-09-12T05:27:31.6400079Z","55.900302","35164","117368","EpicWebHelper.exe","35164:639247876216194900","Sample","1.484375","79486976","43831296",""
"35","2026-09-12T05:27:33.2365000Z","57.496809","124584","117368","EpicWebHelper.exe","124584:639247876215723220","Sample","0.078125","28729344","19488768",""
"35","2026-09-12T05:27:33.2574909Z","57.517801","117368","27016","UnrealEditor","117368:639247875957124820","Sample","76.203125","3367682048","3453992960",""
"35","2026-09-12T05:27:33.2776166Z","57.537926","3024","117368","EpicWebHelper.exe","3024:639247876215207150","Sample","0.593750","88498176","94195712",""
"35","2026-09-12T05:27:33.2982441Z","57.558554","17692","117368","EpicWebHelper.exe","17692:639247876215552910","Sample","0.250000","42766336","22216704",""
"35","2026-09-12T05:27:33.3186147Z","57.578925","124248","117368","EpicWebHelper.exe","124248:639247876216080510","Sample","0.031250","38899712","24317952",""
"35","2026-09-12T05:27:33.3386221Z","57.598932","35164","117368","EpicWebHelper.exe","35164:639247876216194900","Sample","1.562500","72867840","41676800",""
"36","2026-09-12T05:27:34.8680541Z","59.128379","124584","117368","EpicWebHelper.exe","124584:639247876215723220","Sample","0.078125","28729344","19488768",""
"36","2026-09-12T05:27:34.8895385Z","59.149864","117368","27016","UnrealEditor","117368:639247875957124820","Sample","78.546875","3367686144","3453992960",""
"36","2026-09-12T05:27:34.9102711Z","59.170597","3024","117368","EpicWebHelper.exe","3024:639247876215207150","Sample","0.593750","88485888","94195712",""
"36","2026-09-12T05:27:34.9307912Z","59.191117","17692","117368","EpicWebHelper.exe","17692:639247876215552910","Sample","0.250000","42766336","22216704",""
"36","2026-09-12T05:27:34.9516798Z","59.212005","124248","117368","EpicWebHelper.exe","124248:639247876216080510","Sample","0.031250","38899712","24317952",""
"36","2026-09-12T05:27:34.9720607Z","59.232389","35164","117368","EpicWebHelper.exe","35164:639247876216194900","Sample","1.625000","73064448","41725952",""
"37","2026-09-12T05:27:36.4701932Z","60.730537","124584","117368","EpicWebHelper.exe","124584:639247876215723220","Sample","0.078125","28729344","19488768",""
"37","2026-09-12T05:27:36.4907442Z","60.751084","117368","27016","UnrealEditor","117368:639247875957124820","Sample","80.343750","3367632896","3453882368",""
"37","2026-09-12T05:27:36.5106742Z","60.771020","3024","117368","EpicWebHelper.exe","3024:639247876215207150","Sample","0.609375","89665536","95363072",""
"37","2026-09-12T05:27:36.5305287Z","60.790869","17692","117368","EpicWebHelper.exe","17692:639247876215552910","Sample","0.250000","42766336","22216704",""
"37","2026-09-12T05:27:36.5508971Z","60.811248","124248","117368","EpicWebHelper.exe","124248:639247876216080510","Sample","0.031250","38899712","24317952",""
"37","2026-09-12T05:27:36.5714868Z","60.831829","35164","117368","EpicWebHelper.exe","35164:639247876216194900","Sample","1.687500","73228288","41762816",""
"38","2026-09-12T05:27:38.1002823Z","62.360638","124584","117368","EpicWebHelper.exe","124584:639247876215723220","Sample","0.078125","28729344","19488768",""
"38","2026-09-12T05:27:38.1205373Z","62.380896","117368","27016","UnrealEditor","117368:639247875957124820","Sample","82.250000","3367624704","3453886464",""
"38","2026-09-12T05:27:38.1412614Z","62.401617","3024","117368","EpicWebHelper.exe","3024:639247876215207150","Sample","0.625000","88502272","94199808",""
"38","2026-09-12T05:27:38.1615955Z","62.421954","17692","117368","EpicWebHelper.exe","17692:639247876215552910","Sample","0.250000","42766336","22216704",""
"38","2026-09-12T05:27:38.1814689Z","62.441826","124248","117368","EpicWebHelper.exe","124248:639247876216080510","Sample","0.031250","38899712","24317952",""
"38","2026-09-12T05:27:38.2018035Z","62.462166","35164","117368","EpicWebHelper.exe","35164:639247876216194900","Sample","1.796875","73531392","41766912",""
"39","2026-09-12T05:27:39.6814486Z","63.941821","124584","117368","EpicWebHelper.exe","124584:639247876215723220","Sample","0.078125","28729344","19488768",""
"39","2026-09-12T05:27:39.7007419Z","63.961114","117368","27016","UnrealEditor","117368:639247875957124820","Sample","84.156250","3367645184","3453886464",""
"39","2026-09-12T05:27:39.7256368Z","63.986008","3024","117368","EpicWebHelper.exe","3024:639247876215207150","Sample","0.640625","88494080","94199808",""
"39","2026-09-12T05:27:39.7453632Z","64.005734","17692","117368","EpicWebHelper.exe","17692:639247876215552910","Sample","0.250000","42766336","22216704",""
"39","2026-09-12T05:27:39.7660848Z","64.026459","124248","117368","EpicWebHelper.exe","124248:639247876216080510","Sample","0.031250","38899712","24317952",""
"39","2026-09-12T05:27:39.7873850Z","64.047758","35164","117368","EpicWebHelper.exe","35164:639247876216194900","Sample","1.828125","73875456","41775104",""
"40","2026-09-12T05:27:41.3101610Z","65.570548","124584","117368","EpicWebHelper.exe","124584:639247876215723220","Sample","0.078125","28729344","19488768",""
"40","2026-09-12T05:27:41.3308655Z","65.591257","117368","27016","UnrealEditor","117368:639247875957124820","Sample","86.312500","3367649280","3453886464",""
"40","2026-09-12T05:27:41.3507103Z","65.611097","3024","117368","EpicWebHelper.exe","3024:639247876215207150","Sample","0.687500","89673728","95367168",""
"40","2026-09-12T05:27:41.3703416Z","65.630729","17692","117368","EpicWebHelper.exe","17692:639247876215552910","Sample","0.250000","42766336","22216704",""
"40","2026-09-12T05:27:41.3923734Z","65.652761","124248","117368","EpicWebHelper.exe","124248:639247876216080510","Sample","0.031250","38899712","24317952",""
"40","2026-09-12T05:27:41.4127468Z","65.673136","35164","117368","EpicWebHelper.exe","35164:639247876216194900","Sample","1.968750","74338304","41795584",""
"41","2026-09-12T05:27:42.9265458Z","67.186947","124584","117368","EpicWebHelper.exe","124584:639247876215723220","Sample","0.078125","28729344","19488768",""
"41","2026-09-12T05:27:42.9466154Z","67.207019","117368","27016","UnrealEditor","117368:639247875957124820","Sample","88.312500","3365380096","3453898752",""
"41","2026-09-12T05:27:42.9641354Z","67.224538","3024","117368","EpicWebHelper.exe","3024:639247876215207150","Sample","0.796875","89706496","95375360",""
"41","2026-09-12T05:27:42.9848012Z","67.245204","17692","117368","EpicWebHelper.exe","17692:639247876215552910","Sample","0.250000","42766336","22216704",""
"41","2026-09-12T05:27:43.0052464Z","67.265649","124248","117368","EpicWebHelper.exe","124248:639247876216080510","Sample","0.031250","38899712","24317952",""
"41","2026-09-12T05:27:43.0221354Z","67.282540","35164","117368","EpicWebHelper.exe","35164:639247876216194900","Sample","2.187500","75751424","42074112",""
"42","2026-09-12T05:27:44.5016161Z","68.762033","124584","117368","EpicWebHelper.exe","124584:639247876215723220","Sample","0.078125","28835840","19537920",""
"42","2026-09-12T05:27:44.5220230Z","68.782441","117368","27016","UnrealEditor","117368:639247875957124820","Sample","90.031250","3381137408","3462176768",""
"42","2026-09-12T05:27:44.5421793Z","68.802597","3024","117368","EpicWebHelper.exe","3024:639247876215207150","Sample","0.812500","86269952","94195712",""
"42","2026-09-12T05:27:44.5623256Z","68.822743","17692","117368","EpicWebHelper.exe","17692:639247876215552910","Sample","0.250000","42766336","22216704",""
"42","2026-09-12T05:27:44.5824388Z","68.842857","124248","117368","EpicWebHelper.exe","124248:639247876216080510","Sample","0.031250","38899712","24317952",""
"42","2026-09-12T05:27:44.5825301Z","68.842941","35164","117368","EpicWebHelper.exe","35164:639247876216194900","Exited",,,,""
"43","2026-09-12T05:27:46.1597219Z","70.420155","124584","117368","EpicWebHelper.exe","124584:639247876215723220","Sample","0.078125","28835840","19537920",""
"43","2026-09-12T05:27:46.1803375Z","70.440776","117368","27016","UnrealEditor","117368:639247875957124820","Sample","92.203125","3382140928","3463245824",""
"43","2026-09-12T05:27:46.2006453Z","70.461079","3024","117368","EpicWebHelper.exe","3024:639247876215207150","Sample","0.828125","86269952","94195712",""
"43","2026-09-12T05:27:46.2218697Z","70.482303","17692","117368","EpicWebHelper.exe","17692:639247876215552910","Sample","0.250000","42766336","22216704",""
"43","2026-09-12T05:27:46.2420268Z","70.502460","124248","117368","EpicWebHelper.exe","124248:639247876216080510","Sample","0.031250","38899712","24317952",""
"44","2026-09-12T05:27:47.7197211Z","71.980170","124584","117368","EpicWebHelper.exe","124584:639247876215723220","Sample","0.078125","28835840","19537920",""
"44","2026-09-12T05:27:47.7395454Z","71.999995","117368","27016","UnrealEditor","117368:639247875957124820","Sample","94.156250","3381735424","3463331840",""
"44","2026-09-12T05:27:47.7596818Z","72.020131","3024","117368","EpicWebHelper.exe","3024:639247876215207150","Sample","0.828125","86269952","94195712",""
"44","2026-09-12T05:27:47.7812625Z","72.041716","17692","117368","EpicWebHelper.exe","17692:639247876215552910","Sample","0.250000","42766336","22216704",""
"44","2026-09-12T05:27:47.8019395Z","72.062389","124248","117368","EpicWebHelper.exe","124248:639247876216080510","Sample","0.031250","38899712","24317952",""
"45","2026-09-12T05:27:49.2833309Z","73.543794","124584","117368","EpicWebHelper.exe","124584:639247876215723220","Sample","0.078125","28835840","19537920",""
"45","2026-09-12T05:27:49.3034334Z","73.563897","117368","27016","UnrealEditor","117368:639247875957124820","Sample","96.109375","3381919744","3463610368",""
"45","2026-09-12T05:27:49.3235247Z","73.583988","3024","117368","EpicWebHelper.exe","3024:639247876215207150","Sample","0.828125","86269952","94195712",""
"45","2026-09-12T05:27:49.3431389Z","73.603602","17692","117368","EpicWebHelper.exe","17692:639247876215552910","Sample","0.250000","42766336","22216704",""
"45","2026-09-12T05:27:49.3635145Z","73.623979","124248","117368","EpicWebHelper.exe","124248:639247876216080510","Sample","0.031250","38899712","24317952",""
"46","2026-09-12T05:27:50.8374875Z","75.097967","124584","117368","EpicWebHelper.exe","124584:639247876215723220","Sample","0.078125","28835840","19537920",""
"46","2026-09-12T05:27:50.8582555Z","75.118734","117368","27016","UnrealEditor","117368:639247875957124820","Sample","98.125000","3391086592","3472150528",""
"46","2026-09-12T05:27:50.8786862Z","75.139166","3024","117368","EpicWebHelper.exe","3024:639247876215207150","Sample","0.828125","86269952","94195712",""
"46","2026-09-12T05:27:50.8996942Z","75.160173","17692","117368","EpicWebHelper.exe","17692:639247876215552910","Sample","0.250000","42766336","22216704",""
"46","2026-09-12T05:27:50.9204905Z","75.180976","124248","117368","EpicWebHelper.exe","124248:639247876216080510","Sample","0.031250","38899712","24317952",""
"47","2026-09-12T05:27:52.4242769Z","76.684770","124584","117368","EpicWebHelper.exe","124584:639247876215723220","Sample","0.078125","28835840","19537920",""
"47","2026-09-12T05:27:52.4444206Z","76.704914","117368","27016","UnrealEditor","117368:639247875957124820","Sample","99.937500","3391086592","3472150528",""
"47","2026-09-12T05:27:52.4636485Z","76.724144","3024","117368","EpicWebHelper.exe","3024:639247876215207150","Sample","0.828125","86269952","94195712",""
"47","2026-09-12T05:27:52.4835480Z","76.744043","17692","117368","EpicWebHelper.exe","17692:639247876215552910","Sample","0.250000","42766336","22216704",""
"47","2026-09-12T05:27:52.5034173Z","76.763912","124248","117368","EpicWebHelper.exe","124248:639247876216080510","Sample","0.031250","38899712","24317952",""
"48","2026-09-12T05:27:54.0470397Z","78.307548","124584","117368","EpicWebHelper.exe","124584:639247876215723220","Sample","0.078125","28835840","19537920",""
"48","2026-09-12T05:27:54.0669224Z","78.327432","117368","27016","UnrealEditor","117368:639247875957124820","Sample","101.828125","3390152704","3471216640",""
"48","2026-09-12T05:27:54.0858375Z","78.346347","3024","117368","EpicWebHelper.exe","3024:639247876215207150","Sample","0.828125","86269952","94195712",""
"48","2026-09-12T05:27:54.1058814Z","78.366390","17692","117368","EpicWebHelper.exe","17692:639247876215552910","Sample","0.250000","42766336","22216704",""
"48","2026-09-12T05:27:54.1254148Z","78.385924","124248","117368","EpicWebHelper.exe","124248:639247876216080510","Sample","0.031250","38899712","24317952",""
"49","2026-09-12T05:27:55.6414738Z","79.901999","124584","117368","EpicWebHelper.exe","124584:639247876215723220","Sample","0.078125","28835840","19537920",""
"49","2026-09-12T05:27:55.6652861Z","79.925812","117368","27016","UnrealEditor","117368:639247875957124820","Sample","104.218750","3390160896","3471347712",""
"49","2026-09-12T05:27:55.6917502Z","79.952276","3024","117368","EpicWebHelper.exe","3024:639247876215207150","Sample","0.828125","86269952","94195712",""
"49","2026-09-12T05:27:55.7264740Z","79.987003","17692","117368","EpicWebHelper.exe","17692:639247876215552910","Sample","0.250000","42766336","22216704",""
"49","2026-09-12T05:27:55.7556562Z","80.016183","124248","117368","EpicWebHelper.exe","124248:639247876216080510","Sample","0.031250","38899712","24317952",""
"50","2026-09-12T05:27:57.5200049Z","81.780548","124584","117368","EpicWebHelper.exe","124584:639247876215723220","Sample","0.078125","28835840","19537920",""
"50","2026-09-12T05:27:57.5426890Z","81.803233","117368","27016","UnrealEditor","117368:639247875957124820","Sample","106.953125","3384492032","3465678848",""
"50","2026-09-12T05:27:57.5669053Z","81.827450","3024","117368","EpicWebHelper.exe","3024:639247876215207150","Sample","0.828125","86269952","94195712",""
"50","2026-09-12T05:27:57.5908033Z","81.851347","17692","117368","EpicWebHelper.exe","17692:639247876215552910","Sample","0.250000","42766336","22216704",""
"50","2026-09-12T05:27:57.6142455Z","81.874790","124248","117368","EpicWebHelper.exe","124248:639247876216080510","Sample","0.031250","38899712","24317952",""
"51","2026-09-12T05:27:59.2590037Z","83.519569","124584","117368","EpicWebHelper.exe","124584:639247876215723220","Sample","0.078125","28835840","19537920",""
"51","2026-09-12T05:27:59.2827421Z","83.543301","117368","27016","UnrealEditor","117368:639247875957124820","Sample","109.234375","3380428800","3461615616",""
"51","2026-09-12T05:27:59.3055560Z","83.566117","3024","117368","EpicWebHelper.exe","3024:639247876215207150","Sample","0.828125","86269952","94195712",""
"51","2026-09-12T05:27:59.3304926Z","83.591053","17692","117368","EpicWebHelper.exe","17692:639247876215552910","Sample","0.250000","42766336","22216704",""
"51","2026-09-12T05:27:59.3546350Z","83.615195","124248","117368","EpicWebHelper.exe","124248:639247876216080510","Sample","0.031250","38899712","24317952",""
"52","2026-09-12T05:28:00.9224009Z","85.182990","124584","117368","EpicWebHelper.exe","124584:639247876215723220","Sample","0.078125","28835840","19537920",""
"52","2026-09-12T05:28:00.9459531Z","85.206530","117368","27016","UnrealEditor","117368:639247875957124820","Sample","111.546875","3380441088","3461615616",""
"52","2026-09-12T05:28:00.9693998Z","85.229976","3024","117368","EpicWebHelper.exe","3024:639247876215207150","Sample","0.828125","86269952","94195712",""
"52","2026-09-12T05:28:00.9997007Z","85.260278","17692","117368","EpicWebHelper.exe","17692:639247876215552910","Sample","0.250000","42766336","22216704",""
"52","2026-09-12T05:28:01.0242628Z","85.284840","124248","117368","EpicWebHelper.exe","124248:639247876216080510","Sample","0.031250","38899712","24317952",""
"53","2026-09-12T05:28:02.5841087Z","86.844708","124584","117368","EpicWebHelper.exe","124584:639247876215723220","Sample","0.078125","28643328","19259392",""
"53","2026-09-12T05:28:02.6071693Z","86.867761","117368","27016","UnrealEditor","117368:639247875957124820","Sample","114.078125","3379589120","3461414912",""
"53","2026-09-12T05:28:02.6312247Z","86.891817","3024","117368","EpicWebHelper.exe","3024:639247876215207150","Sample","0.828125","85917696","93700096",""
"53","2026-09-12T05:28:02.6558107Z","86.916404","17692","117368","EpicWebHelper.exe","17692:639247876215552910","Sample","0.250000","42549248","21876736",""
"53","2026-09-12T05:28:02.6826537Z","86.943248","124248","117368","EpicWebHelper.exe","124248:639247876216080510","Sample","0.031250","38899712","24317952",""
"54","2026-09-12T05:28:04.2358722Z","88.496481","124584","117368","EpicWebHelper.exe","124584:639247876215723220","Sample","0.078125","28643328","19259392",""
"54","2026-09-12T05:28:04.2592306Z","88.519839","117368","27016","UnrealEditor","117368:639247875957124820","Sample","116.265625","3379601408","3461545984",""
"54","2026-09-12T05:28:04.2825578Z","88.543165","3024","117368","EpicWebHelper.exe","3024:639247876215207150","Sample","0.828125","85917696","93700096",""
"54","2026-09-12T05:28:04.3045412Z","88.565149","17692","117368","EpicWebHelper.exe","17692:639247876215552910","Sample","0.250000","42549248","21876736",""
"54","2026-09-12T05:28:04.3269131Z","88.587523","124248","117368","EpicWebHelper.exe","124248:639247876216080510","Sample","0.031250","38903808","24317952",""
"55","2026-09-12T05:28:05.9061156Z","90.166742","124584","117368","EpicWebHelper.exe","124584:639247876215723220","Sample","0.078125","28643328","19259392",""
"55","2026-09-12T05:28:05.9278501Z","90.188474","117368","27016","UnrealEditor","117368:639247875957124820","Sample","119.015625","3379658752","3461640192",""
"55","2026-09-12T05:28:05.9479627Z","90.208586","3024","117368","EpicWebHelper.exe","3024:639247876215207150","Sample","0.828125","85917696","93700096",""
"55","2026-09-12T05:28:05.9685286Z","90.229153","17692","117368","EpicWebHelper.exe","17692:639247876215552910","Sample","0.250000","42541056","21860352",""
"55","2026-09-12T05:28:05.9888896Z","90.249513","124248","117368","EpicWebHelper.exe","124248:639247876216080510","Sample","0.031250","38903808","24317952",""
"56","2026-09-12T05:28:07.5066327Z","91.767272","124584","117368","EpicWebHelper.exe","124584:639247876215723220","Sample","0.078125","28643328","19259392",""
"56","2026-09-12T05:28:07.5267216Z","91.787360","117368","27016","UnrealEditor","117368:639247875957124820","Sample","121.343750","3379658752","3461640192",""
"56","2026-09-12T05:28:07.5471129Z","91.807753","3024","117368","EpicWebHelper.exe","3024:639247876215207150","Sample","0.828125","85917696","93700096",""
"56","2026-09-12T05:28:07.5680364Z","91.828677","17692","117368","EpicWebHelper.exe","17692:639247876215552910","Sample","0.250000","42618880","21917696",""
"56","2026-09-12T05:28:07.5877531Z","91.848392","124248","117368","EpicWebHelper.exe","124248:639247876216080510","Sample","0.031250","38903808","24317952",""
"57","2026-09-12T05:28:09.2550715Z","93.515728","124584","117368","EpicWebHelper.exe","124584:639247876215723220","Sample","0.078125","28643328","19259392",""
"57","2026-09-12T05:28:09.2785580Z","93.539215","117368","27016","UnrealEditor","117368:639247875957124820","Sample","123.671875","3379658752","3461640192",""
"57","2026-09-12T05:28:09.3021252Z","93.562782","3024","117368","EpicWebHelper.exe","3024:639247876215207150","Sample","0.828125","85917696","93700096",""
"57","2026-09-12T05:28:09.3258501Z","93.586511","17692","117368","EpicWebHelper.exe","17692:639247876215552910","Sample","0.250000","42618880","21917696",""
"57","2026-09-12T05:28:09.3492825Z","93.609939","124248","117368","EpicWebHelper.exe","124248:639247876216080510","Sample","0.031250","38903808","24317952",""
"58","2026-09-12T05:28:10.9491394Z","95.209812","124584","117368","EpicWebHelper.exe","124584:639247876215723220","Sample","0.078125","28643328","19259392",""
"58","2026-09-12T05:28:10.9737761Z","95.234447","117368","27016","UnrealEditor","117368:639247875957124820","Sample","126.343750","3379646464","3461607424",""
"58","2026-09-12T05:28:10.9969944Z","95.257669","3024","117368","EpicWebHelper.exe","3024:639247876215207150","Sample","0.828125","85921792","93700096",""
"58","2026-09-12T05:28:11.0214994Z","95.282173","17692","117368","EpicWebHelper.exe","17692:639247876215552910","Sample","0.250000","42573824","21860352",""
"58","2026-09-12T05:28:11.0431004Z","95.303774","124248","117368","EpicWebHelper.exe","124248:639247876216080510","Sample","0.031250","38903808","24317952",""
"59","2026-09-12T05:28:12.6137628Z","96.874450","124584","117368","EpicWebHelper.exe","124584:639247876215723220","Sample","0.078125","28643328","19259392",""
"59","2026-09-12T05:28:12.6363389Z","96.897027","117368","27016","UnrealEditor","117368:639247875957124820","Sample","129.000000","3379654656","3461615616",""
"59","2026-09-12T05:28:12.6604217Z","96.921111","3024","117368","EpicWebHelper.exe","3024:639247876215207150","Sample","0.828125","85921792","93700096",""
"59","2026-09-12T05:28:12.6827124Z","96.943401","17692","117368","EpicWebHelper.exe","17692:639247876215552910","Sample","0.250000","42573824","21860352",""
"59","2026-09-12T05:28:12.7069809Z","96.967671","124248","117368","EpicWebHelper.exe","124248:639247876216080510","Sample","0.031250","38903808","24317952",""
"60","2026-09-12T05:28:14.2617978Z","98.522501","124584","117368","EpicWebHelper.exe","124584:639247876215723220","Sample","0.078125","28643328","19259392",""
"60","2026-09-12T05:28:14.2839296Z","98.544635","117368","27016","UnrealEditor","117368:639247875957124820","Sample","131.203125","3379621888","3461582848",""
"60","2026-09-12T05:28:14.3056530Z","98.566358","3024","117368","EpicWebHelper.exe","3024:639247876215207150","Sample","0.843750","85921792","93700096",""
"60","2026-09-12T05:28:14.3287645Z","98.589469","17692","117368","EpicWebHelper.exe","17692:639247876215552910","Sample","0.250000","42569728","21856256",""
"60","2026-09-12T05:28:14.3504876Z","98.611192","124248","117368","EpicWebHelper.exe","124248:639247876216080510","Sample","0.031250","38903808","24317952",""
"61","2026-09-12T05:28:15.9803338Z","100.241055","124584","117368","EpicWebHelper.exe","124584:639247876215723220","Sample","0.078125","28643328","19259392",""
"61","2026-09-12T05:28:16.0063392Z","100.267059","117368","27016","UnrealEditor","117368:639247875957124820","Sample","133.703125","3379232768","3461582848",""
"61","2026-09-12T05:28:16.0407643Z","100.301486","3024","117368","EpicWebHelper.exe","3024:639247876215207150","Sample","0.843750","85921792","93700096",""
"61","2026-09-12T05:28:16.0667702Z","100.327492","17692","117368","EpicWebHelper.exe","17692:639247876215552910","Sample","0.265625","42569728","21856256",""
"61","2026-09-12T05:28:16.0914517Z","100.352173","124248","117368","EpicWebHelper.exe","124248:639247876216080510","Sample","0.031250","38903808","24317952",""
"62","2026-09-12T05:28:17.7124364Z","101.973173","124584","117368","EpicWebHelper.exe","124584:639247876215723220","Sample","0.078125","28643328","19259392",""
"62","2026-09-12T05:28:17.7346967Z","101.995434","117368","27016","UnrealEditor","117368:639247875957124820","Sample","137.703125","3379232768","3461582848",""
"62","2026-09-12T05:28:17.7569287Z","102.017667","3024","117368","EpicWebHelper.exe","3024:639247876215207150","Sample","0.843750","85921792","93700096",""
"62","2026-09-12T05:28:17.7838225Z","102.044561","17692","117368","EpicWebHelper.exe","17692:639247876215552910","Sample","0.265625","42565632","21852160",""
"62","2026-09-12T05:28:17.8086949Z","102.069432","124248","117368","EpicWebHelper.exe","124248:639247876216080510","Sample","0.031250","38903808","24317952",""
"63","2026-09-12T05:28:19.3808220Z","103.641576","124584","117368","EpicWebHelper.exe","124584:639247876215723220","Sample","0.078125","28643328","19259392",""
"63","2026-09-12T05:28:19.4044240Z","103.665178","117368","27016","UnrealEditor","117368:639247875957124820","Sample","142.187500","3379236864","3461582848",""
"63","2026-09-12T05:28:19.4269669Z","103.687721","3024","117368","EpicWebHelper.exe","3024:639247876215207150","Sample","0.843750","85921792","93700096",""
"63","2026-09-12T05:28:19.4505629Z","103.711317","17692","117368","EpicWebHelper.exe","17692:639247876215552910","Sample","0.265625","42565632","21852160",""
"63","2026-09-12T05:28:19.4741244Z","103.734880","124248","117368","EpicWebHelper.exe","124248:639247876216080510","Sample","0.031250","38903808","24317952",""
"64","2026-09-12T05:28:21.0614726Z","105.322242","124584","117368","EpicWebHelper.exe","124584:639247876215723220","Sample","0.078125","28643328","19259392",""
"64","2026-09-12T05:28:21.0851449Z","105.345913","117368","27016","UnrealEditor","117368:639247875957124820","Sample","146.109375","3379490816","3461582848",""
"64","2026-09-12T05:28:21.1080245Z","105.368794","3024","117368","EpicWebHelper.exe","3024:639247876215207150","Sample","0.843750","85921792","93700096",""
"64","2026-09-12T05:28:21.1303178Z","105.391088","17692","117368","EpicWebHelper.exe","17692:639247876215552910","Sample","0.265625","42565632","21852160",""
"64","2026-09-12T05:28:21.1536687Z","105.414438","124248","117368","EpicWebHelper.exe","124248:639247876216080510","Sample","0.031250","38903808","24317952",""
"65","2026-09-12T05:28:22.7395574Z","107.000342","124584","117368","EpicWebHelper.exe","124584:639247876215723220","Sample","0.078125","28643328","19259392",""
"65","2026-09-12T05:28:22.7637238Z","107.024510","117368","27016","UnrealEditor","117368:639247875957124820","Sample","150.031250","3379490816","3461582848",""
"65","2026-09-12T05:28:22.7849640Z","107.045750","3024","117368","EpicWebHelper.exe","3024:639247876215207150","Sample","0.843750","85921792","93700096",""
"65","2026-09-12T05:28:22.8103440Z","107.071129","17692","117368","EpicWebHelper.exe","17692:639247876215552910","Sample","0.265625","42565632","21852160",""
"65","2026-09-12T05:28:22.8354814Z","107.096268","124248","117368","EpicWebHelper.exe","124248:639247876216080510","Sample","0.031250","38903808","24317952",""
"66","2026-09-12T05:28:24.4437788Z","108.704581","124584","117368","EpicWebHelper.exe","124584:639247876215723220","Sample","0.078125","28643328","19259392",""
"66","2026-09-12T05:28:24.4676333Z","108.728435","117368","27016","UnrealEditor","117368:639247875957124820","Sample","154.093750","3447246848","3461582848",""
"66","2026-09-12T05:28:24.4909447Z","108.751747","3024","117368","EpicWebHelper.exe","3024:639247876215207150","Sample","0.843750","85925888","93700096",""
"66","2026-09-12T05:28:24.5142245Z","108.775027","17692","117368","EpicWebHelper.exe","17692:639247876215552910","Sample","0.265625","42565632","21852160",""
"66","2026-09-12T05:28:24.5386543Z","108.799458","124248","117368","EpicWebHelper.exe","124248:639247876216080510","Sample","0.031250","38903808","24317952",""
"67","2026-09-12T05:28:26.2439158Z","110.504735","124584","117368","EpicWebHelper.exe","124584:639247876215723220","Sample","0.078125","28643328","19259392",""
"67","2026-09-12T05:28:26.2680261Z","110.528845","117368","27016","UnrealEditor","117368:639247875957124820","Sample","158.265625","3488198656","3461582848",""
"67","2026-09-12T05:28:26.2911143Z","110.551934","3024","117368","EpicWebHelper.exe","3024:639247876215207150","Sample","0.843750","85925888","93700096",""
"67","2026-09-12T05:28:26.3141334Z","110.574954","17692","117368","EpicWebHelper.exe","17692:639247876215552910","Sample","0.265625","42565632","21852160",""
"67","2026-09-12T05:28:26.3380955Z","110.598917","124248","117368","EpicWebHelper.exe","124248:639247876216080510","Sample","0.031250","38903808","24317952",""
"68","2026-09-12T05:28:27.9511066Z","112.211942","124584","117368","EpicWebHelper.exe","124584:639247876215723220","Sample","0.078125","28643328","19259392",""
"68","2026-09-12T05:28:27.9753904Z","112.236228","117368","27016","UnrealEditor","117368:639247875957124820","Sample","162.296875","3511853056","3461582848",""
"68","2026-09-12T05:28:27.9997947Z","112.260630","3024","117368","EpicWebHelper.exe","3024:639247876215207150","Sample","0.843750","85925888","93700096",""
"68","2026-09-12T05:28:28.0209043Z","112.281741","17692","117368","EpicWebHelper.exe","17692:639247876215552910","Sample","0.265625","42565632","21852160",""
"68","2026-09-12T05:28:28.0471816Z","112.308018","124248","117368","EpicWebHelper.exe","124248:639247876216080510","Sample","0.031250","38903808","24317952",""
"69","2026-09-12T05:28:29.6105882Z","113.871440","124584","117368","EpicWebHelper.exe","124584:639247876215723220","Sample","0.078125","28643328","19259392",""
"69","2026-09-12T05:28:29.6341985Z","113.895050","117368","27016","UnrealEditor","117368:639247875957124820","Sample","166.218750","3558744064","3461582848",""
"69","2026-09-12T05:28:29.6578635Z","113.918714","3024","117368","EpicWebHelper.exe","3024:639247876215207150","Sample","0.843750","85925888","93700096",""
"69","2026-09-12T05:28:29.6821373Z","113.942989","17692","117368","EpicWebHelper.exe","17692:639247876215552910","Sample","0.265625","42565632","21852160",""
"69","2026-09-12T05:28:29.7059374Z","113.966790","124248","117368","EpicWebHelper.exe","124248:639247876216080510","Sample","0.031250","38903808","24317952",""
"70","2026-09-12T05:28:31.3030899Z","115.563957","124584","117368","EpicWebHelper.exe","124584:639247876215723220","Sample","0.078125","28643328","19259392",""
"70","2026-09-12T05:28:31.3269429Z","115.587811","117368","27016","UnrealEditor","117368:639247875957124820","Sample","170.328125","3593871360","3461320704",""
"70","2026-09-12T05:28:31.3504768Z","115.611345","3024","117368","EpicWebHelper.exe","3024:639247876215207150","Sample","0.859375","85925888","93700096",""
"70","2026-09-12T05:28:31.3731835Z","115.634051","17692","117368","EpicWebHelper.exe","17692:639247876215552910","Sample","0.265625","42565632","21852160",""
"70","2026-09-12T05:28:31.3964414Z","115.657310","124248","117368","EpicWebHelper.exe","124248:639247876216080510","Sample","0.031250","38903808","24317952",""
"71","2026-09-12T05:28:33.1011835Z","117.362069","124584","117368","EpicWebHelper.exe","124584:639247876215723220","Sample","0.078125","28643328","19259392",""
"71","2026-09-12T05:28:33.1252035Z","117.386088","117368","27016","UnrealEditor","117368:639247875957124820","Sample","174.625000","3726315520","3461320704",""
"71","2026-09-12T05:28:33.1483331Z","117.409222","3024","117368","EpicWebHelper.exe","3024:639247876215207150","Sample","0.859375","85925888","93700096",""
"71","2026-09-12T05:28:33.1712912Z","117.432176","17692","117368","EpicWebHelper.exe","17692:639247876215552910","Sample","0.265625","42565632","21852160",""
"71","2026-09-12T05:28:33.1945147Z","117.455408","124248","117368","EpicWebHelper.exe","124248:639247876216080510","Sample","0.031250","38903808","24317952",""
"72","2026-09-12T05:28:34.7492310Z","119.010132","124584","117368","EpicWebHelper.exe","124584:639247876215723220","Sample","0.078125","28643328","19259392",""
"72","2026-09-12T05:28:34.7722810Z","119.033182","117368","27016","UnrealEditor","117368:639247875957124820","Sample","178.578125","3752816640","3461320704",""
"72","2026-09-12T05:28:34.7959074Z","119.056809","3024","117368","EpicWebHelper.exe","3024:639247876215207150","Sample","0.859375","85925888","93700096",""
"72","2026-09-12T05:28:34.8185929Z","119.079494","17692","117368","EpicWebHelper.exe","17692:639247876215552910","Sample","0.265625","42565632","21852160",""
"72","2026-09-12T05:28:34.8423376Z","119.103240","124248","117368","EpicWebHelper.exe","124248:639247876216080510","Sample","0.031250","38903808","24317952",""
"73","2026-09-12T05:28:36.4433996Z","120.704317","124584","117368","EpicWebHelper.exe","124584:639247876215723220","Sample","0.078125","28643328","19259392",""
"73","2026-09-12T05:28:36.4658227Z","120.726740","117368","27016","UnrealEditor","117368:639247875957124820","Sample","182.531250","3792306176","3461320704",""
"73","2026-09-12T05:28:36.4891826Z","120.750101","3024","117368","EpicWebHelper.exe","3024:639247876215207150","Sample","0.859375","85925888","93700096",""
"73","2026-09-12T05:28:36.5123605Z","120.773278","17692","117368","EpicWebHelper.exe","17692:639247876215552910","Sample","0.265625","42565632","21852160",""
"73","2026-09-12T05:28:36.5343693Z","120.795287","124248","117368","EpicWebHelper.exe","124248:639247876216080510","Sample","0.031250","38903808","24317952",""
"74","2026-09-12T05:28:38.1494707Z","122.410405","124584","117368","EpicWebHelper.exe","124584:639247876215723220","Sample","0.078125","28643328","19259392",""
"74","2026-09-12T05:28:38.1726314Z","122.433565","117368","27016","UnrealEditor","117368:639247875957124820","Sample","186.500000","3805618176","3461320704",""
"74","2026-09-12T05:28:38.1957561Z","122.456689","3024","117368","EpicWebHelper.exe","3024:639247876215207150","Sample","0.859375","85925888","93700096",""
"74","2026-09-12T05:28:38.2181756Z","122.479109","17692","117368","EpicWebHelper.exe","17692:639247876215552910","Sample","0.265625","42565632","21852160",""
"74","2026-09-12T05:28:38.2404499Z","122.501384","124248","117368","EpicWebHelper.exe","124248:639247876216080510","Sample","0.031250","38903808","24317952",""
"75","2026-09-12T05:28:39.8063757Z","124.067324","124584","117368","EpicWebHelper.exe","124584:639247876215723220","Sample","0.078125","28643328","19259392",""
"75","2026-09-12T05:28:39.8300110Z","124.090960","117368","27016","UnrealEditor","117368:639247875957124820","Sample","190.468750","3822817280","3461320704",""
"75","2026-09-12T05:28:39.8539287Z","124.114878","3024","117368","EpicWebHelper.exe","3024:639247876215207150","Sample","0.859375","85925888","93700096",""
"75","2026-09-12T05:28:39.8775603Z","124.138511","17692","117368","EpicWebHelper.exe","17692:639247876215552910","Sample","0.265625","42565632","21852160",""
"75","2026-09-12T05:28:39.9020313Z","124.162982","124248","117368","EpicWebHelper.exe","124248:639247876216080510","Sample","0.031250","38903808","24317952",""
"76","2026-09-12T05:28:41.5463232Z","125.807289","124584","117368","EpicWebHelper.exe","124584:639247876215723220","Sample","0.078125","28643328","19259392",""
"76","2026-09-12T05:28:41.5726427Z","125.833610","117368","27016","UnrealEditor","117368:639247875957124820","Sample","194.375000","3866935296","3462119424",""
"76","2026-09-12T05:28:41.5996759Z","125.860642","3024","117368","EpicWebHelper.exe","3024:639247876215207150","Sample","0.859375","85925888","93700096",""
"76","2026-09-12T05:28:41.6237026Z","125.884670","17692","117368","EpicWebHelper.exe","17692:639247876215552910","Sample","0.265625","42565632","21852160",""
"76","2026-09-12T05:28:41.6478932Z","125.908860","124248","117368","EpicWebHelper.exe","124248:639247876216080510","Sample","0.031250","38903808","24317952",""
"77","2026-09-12T05:28:43.2350292Z","127.496012","124584","117368","EpicWebHelper.exe","124584:639247876215723220","Sample","0.078125","28643328","19259392",""
"77","2026-09-12T05:28:43.2602705Z","127.521253","117368","27016","UnrealEditor","117368:639247875957124820","Sample","198.531250","3896905728","3462119424",""
"77","2026-09-12T05:28:43.2846618Z","127.545644","3024","117368","EpicWebHelper.exe","3024:639247876215207150","Sample","0.859375","85925888","93700096",""
"77","2026-09-12T05:28:43.3105884Z","127.571571","17692","117368","EpicWebHelper.exe","17692:639247876215552910","Sample","0.265625","42565632","21852160",""
"77","2026-09-12T05:28:43.3351780Z","127.596161","124248","117368","EpicWebHelper.exe","124248:639247876216080510","Sample","0.031250","38903808","24317952",""
"78","2026-09-12T05:28:44.9769754Z","129.237975","124584","117368","EpicWebHelper.exe","124584:639247876215723220","Sample","0.078125","28643328","19259392",""
"78","2026-09-12T05:28:45.0009222Z","129.261922","117368","27016","UnrealEditor","117368:639247875957124820","Sample","202.765625","3952951296","3462119424",""
"78","2026-09-12T05:28:45.0220023Z","129.283002","3024","117368","EpicWebHelper.exe","3024:639247876215207150","Sample","0.859375","85925888","93700096",""
"78","2026-09-12T05:28:45.0449463Z","129.305945","17692","117368","EpicWebHelper.exe","17692:639247876215552910","Sample","0.265625","42565632","21852160",""
"78","2026-09-12T05:28:45.0702177Z","129.331218","124248","117368","EpicWebHelper.exe","124248:639247876216080510","Sample","0.031250","38903808","24317952",""
"79","2026-09-12T05:28:46.6909755Z","130.951991","124584","117368","EpicWebHelper.exe","124584:639247876215723220","Sample","0.078125","28631040","19247104",""
"79","2026-09-12T05:28:46.7142577Z","130.975274","117368","27016","UnrealEditor","117368:639247875957124820","Sample","206.812500","3987668992","3461201920",""
"79","2026-09-12T05:28:46.7374872Z","130.998503","3024","117368","EpicWebHelper.exe","3024:639247876215207150","Sample","0.859375","85925888","93700096",""
"79","2026-09-12T05:28:46.7606077Z","131.021623","17692","117368","EpicWebHelper.exe","17692:639247876215552910","Sample","0.265625","42565632","21852160",""
"79","2026-09-12T05:28:46.7866678Z","131.047685","124248","117368","EpicWebHelper.exe","124248:639247876216080510","Sample","0.031250","38903808","24317952",""
"80","2026-09-12T05:28:48.3814200Z","132.642451","124584","117368","EpicWebHelper.exe","124584:639247876215723220","Sample","0.078125","28631040","19247104",""
"80","2026-09-12T05:28:48.4051727Z","132.666204","117368","27016","UnrealEditor","117368:639247875957124820","Sample","210.703125","4008509440","3461332992",""
"80","2026-09-12T05:28:48.4286825Z","132.689715","3024","117368","EpicWebHelper.exe","3024:639247876215207150","Sample","0.859375","85925888","93700096",""
"80","2026-09-12T05:28:48.4519809Z","132.713015","17692","117368","EpicWebHelper.exe","17692:639247876215552910","Sample","0.265625","42565632","21852160",""
"80","2026-09-12T05:28:48.4771908Z","132.738223","124248","117368","EpicWebHelper.exe","124248:639247876216080510","Sample","0.031250","38903808","24317952",""
"81","2026-09-12T05:28:50.0899946Z","134.351042","124584","117368","EpicWebHelper.exe","124584:639247876215723220","Sample","0.078125","28631040","19247104",""
"81","2026-09-12T05:28:50.1136366Z","134.374685","117368","27016","UnrealEditor","117368:639247875957124820","Sample","214.531250","4024926208","3462074368",""
"81","2026-09-12T05:28:50.1373929Z","134.398442","3024","117368","EpicWebHelper.exe","3024:639247876215207150","Sample","0.859375","85925888","93700096",""
"81","2026-09-12T05:28:50.1602340Z","134.421282","17692","117368","EpicWebHelper.exe","17692:639247876215552910","Sample","0.265625","42565632","21852160",""
"81","2026-09-12T05:28:50.1844653Z","134.445517","124248","117368","EpicWebHelper.exe","124248:639247876216080510","Sample","0.031250","38903808","24317952",""
"82","2026-09-12T05:28:51.7471461Z","136.008210","124584","117368","EpicWebHelper.exe","124584:639247876215723220","Sample","0.078125","28631040","19247104",""
"82","2026-09-12T05:28:51.7706595Z","136.031724","117368","27016","UnrealEditor","117368:639247875957124820","Sample","218.390625","4043628544","3462074368",""
"82","2026-09-12T05:28:51.7942288Z","136.055294","3024","117368","EpicWebHelper.exe","3024:639247876215207150","Sample","0.859375","85925888","93700096",""
"82","2026-09-12T05:28:51.8171799Z","136.078245","17692","117368","EpicWebHelper.exe","17692:639247876215552910","Sample","0.265625","42565632","21852160",""
"82","2026-09-12T05:28:51.8413960Z","136.102461","124248","117368","EpicWebHelper.exe","124248:639247876216080510","Sample","0.031250","38903808","24317952",""
"83","2026-09-12T05:28:53.4360880Z","137.697169","124584","117368","EpicWebHelper.exe","124584:639247876215723220","Sample","0.078125","28631040","19247104",""
"83","2026-09-12T05:28:53.4585650Z","137.719646","117368","27016","UnrealEditor","117368:639247875957124820","Sample","222.328125","4052291584","3462074368",""
"83","2026-09-12T05:28:53.4824392Z","137.743519","3024","117368","EpicWebHelper.exe","3024:639247876215207150","Sample","0.875000","85925888","93700096",""
"83","2026-09-12T05:28:53.5051440Z","137.766226","17692","117368","EpicWebHelper.exe","17692:639247876215552910","Sample","0.265625","42565632","21852160",""
"83","2026-09-12T05:28:53.5285554Z","137.789636","124248","117368","EpicWebHelper.exe","124248:639247876216080510","Sample","0.031250","38903808","24317952",""
"84","2026-09-12T05:28:55.1616061Z","139.422704","124584","117368","EpicWebHelper.exe","124584:639247876215723220","Sample","0.078125","28631040","19247104",""
"84","2026-09-12T05:28:55.1844918Z","139.445589","117368","27016","UnrealEditor","117368:639247875957124820","Sample","226.500000","4052684800","3462664192",""
"84","2026-09-12T05:28:55.2075116Z","139.468609","3024","117368","EpicWebHelper.exe","3024:639247876215207150","Sample","0.875000","85925888","93700096",""
"84","2026-09-12T05:28:55.2300479Z","139.491145","17692","117368","EpicWebHelper.exe","17692:639247876215552910","Sample","0.265625","42565632","21852160",""
"84","2026-09-12T05:28:55.2550744Z","139.516173","124248","117368","EpicWebHelper.exe","124248:639247876216080510","Sample","0.031250","38903808","24317952",""
"85","2026-09-12T05:28:56.8502686Z","141.111384","124584","117368","EpicWebHelper.exe","124584:639247876215723220","Sample","0.078125","28631040","19247104",""
"85","2026-09-12T05:28:56.8757027Z","141.136818","117368","27016","UnrealEditor","117368:639247875957124820","Sample","230.171875","4056399872","3462664192",""
"85","2026-09-12T05:28:56.8998823Z","141.160998","3024","117368","EpicWebHelper.exe","3024:639247876215207150","Sample","0.875000","85925888","93700096",""
"85","2026-09-12T05:28:56.9234482Z","141.184561","17692","117368","EpicWebHelper.exe","17692:639247876215552910","Sample","0.265625","42565632","21852160",""
"85","2026-09-12T05:28:56.9473512Z","141.208465","124248","117368","EpicWebHelper.exe","124248:639247876216080510","Sample","0.031250","38903808","24317952",""
"86","2026-09-12T05:28:58.5470378Z","142.808167","124584","117368","EpicWebHelper.exe","124584:639247876215723220","Sample","0.078125","28631040","19247104",""
"86","2026-09-12T05:28:58.5706641Z","142.831793","117368","27016","UnrealEditor","117368:639247875957124820","Sample","234.296875","4058648576","3462664192",""
"86","2026-09-12T05:28:58.5945495Z","142.855679","3024","117368","EpicWebHelper.exe","3024:639247876215207150","Sample","0.875000","85925888","93700096",""
"86","2026-09-12T05:28:58.6179260Z","142.879056","17692","117368","EpicWebHelper.exe","17692:639247876215552910","Sample","0.265625","42565632","21852160",""
"86","2026-09-12T05:28:58.6416524Z","142.902806","124248","117368","EpicWebHelper.exe","124248:639247876216080510","Sample","0.031250","38903808","24317952",""
"87","2026-09-12T05:29:00.2337996Z","144.494945","124584","117368","EpicWebHelper.exe","124584:639247876215723220","Sample","0.078125","28631040","19247104",""
"87","2026-09-12T05:29:00.2559919Z","144.517135","117368","27016","UnrealEditor","117368:639247875957124820","Sample","238.109375","4064313344","3467059200",""
"87","2026-09-12T05:29:00.2782345Z","144.539380","3024","117368","EpicWebHelper.exe","3024:639247876215207150","Sample","0.890625","85983232","93749248",""
"87","2026-09-12T05:29:00.3017759Z","144.562921","17692","117368","EpicWebHelper.exe","17692:639247876215552910","Sample","0.265625","42565632","21852160",""
"87","2026-09-12T05:29:00.3247019Z","144.585848","124248","117368","EpicWebHelper.exe","124248:639247876216080510","Sample","0.031250","62554112","29175808",""
"88","2026-09-12T05:29:02.0076798Z","146.268843","124584","117368","EpicWebHelper.exe","124584:639247876215723220","Sample","0.078125","28663808","19234816",""
"88","2026-09-12T05:29:02.0338143Z","146.294978","117368","27016","UnrealEditor","117368:639247875957124820","Sample","242.171875","4089446400","3486044160",""
"88","2026-09-12T05:29:02.0573544Z","146.318517","3024","117368","EpicWebHelper.exe","3024:639247876215207150","Sample","1.171875","115896320","131338240",""
"88","2026-09-12T05:29:02.0814022Z","146.342566","17692","117368","EpicWebHelper.exe","17692:639247876215552910","Sample","0.265625","42614784","21864448",""
"88","2026-09-12T05:29:02.1061005Z","146.367266","124248","117368","EpicWebHelper.exe","124248:639247876216080510","Sample","0.296875","68386816","33832960",""
"88","2026-09-12T05:29:02.1297344Z","146.390898","18900","117368","EpicWebHelper.exe","18900:639247877401912320","New","0.078125","38895616","24449024",""
"89","2026-09-12T05:29:03.7907196Z","148.051900","124584","117368","EpicWebHelper.exe","124584:639247876215723220","Sample","0.078125","28663808","19234816",""
"89","2026-09-12T05:29:03.8170072Z","148.078193","117368","27016","UnrealEditor","117368:639247875957124820","Sample","246.750000","4136488960","3486064640",""
"89","2026-09-12T05:29:03.8441149Z","148.105303","3024","117368","EpicWebHelper.exe","3024:639247876215207150","Sample","1.421875","116375552","127741952",""
"89","2026-09-12T05:29:03.8708792Z","148.132063","17692","117368","EpicWebHelper.exe","17692:639247876215552910","Sample","0.265625","42614784","21864448",""
"89","2026-09-12T05:29:03.9007687Z","148.161953","124248","117368","EpicWebHelper.exe","124248:639247876216080510","Sample","0.656250","69410816","34582528",""
"89","2026-09-12T05:29:03.9272996Z","148.188480","18900","117368","EpicWebHelper.exe","18900:639247877401912320","Sample","0.078125","38895616","24449024",""
"90","2026-09-12T05:29:05.6940474Z","149.955245","124584","117368","EpicWebHelper.exe","124584:639247876215723220","Sample","0.078125","28663808","19234816",""
"90","2026-09-12T05:29:05.7174532Z","149.978651","117368","27016","UnrealEditor","117368:639247875957124820","Sample","251.093750","4184621056","3486097408",""
"90","2026-09-12T05:29:05.7416376Z","150.002836","3024","117368","EpicWebHelper.exe","3024:639247876215207150","Sample","1.796875","120836096","132161536",""
"90","2026-09-12T05:29:05.7651855Z","150.026385","17692","117368","EpicWebHelper.exe","17692:639247876215552910","Sample","0.265625","42663936","21831680",""
"90","2026-09-12T05:29:05.7935221Z","150.054721","124248","117368","EpicWebHelper.exe","124248:639247876216080510","Sample","0.859375","70488064","35667968",""
"90","2026-09-12T05:29:05.8203847Z","150.081583","18900","117368","EpicWebHelper.exe","18900:639247877401912320","Sample","0.078125","38895616","24449024",""
"91","2026-09-12T05:29:07.6019355Z","151.863151","124584","117368","EpicWebHelper.exe","124584:639247876215723220","Sample","0.078125","28663808","19234816",""
"91","2026-09-12T05:29:07.6271581Z","151.888374","117368","27016","UnrealEditor","117368:639247875957124820","Sample","256.265625","4219547648","3489828864",""
"91","2026-09-12T05:29:07.6537475Z","151.914964","3024","117368","EpicWebHelper.exe","3024:639247876215207150","Sample","2.156250","121081856","132481024",""
"91","2026-09-12T05:29:07.6783752Z","151.939592","17692","117368","EpicWebHelper.exe","17692:639247876215552910","Sample","0.265625","42692608","21872640",""
"91","2026-09-12T05:29:07.7039669Z","151.965184","124248","117368","EpicWebHelper.exe","124248:639247876216080510","Sample","1.250000","71524352","36409344",""
"91","2026-09-12T05:29:07.7291764Z","151.990393","18900","117368","EpicWebHelper.exe","18900:639247877401912320","Sample","0.078125","38907904","24449024",""
"92","2026-09-12T05:29:09.5109028Z","153.772137","124584","117368","EpicWebHelper.exe","124584:639247876215723220","Sample","0.078125","28663808","19234816",""
"92","2026-09-12T05:29:09.5357604Z","153.796994","117368","27016","UnrealEditor","117368:639247875957124820","Sample","261.343750","4254097408","3489304576",""
"92","2026-09-12T05:29:09.5600158Z","153.821250","3024","117368","EpicWebHelper.exe","3024:639247876215207150","Sample","2.359375","117612544","132984832",""
"92","2026-09-12T05:29:09.5841453Z","153.845381","17692","117368","EpicWebHelper.exe","17692:639247876215552910","Sample","0.265625","42692608","21872640",""
"92","2026-09-12T05:29:09.6092581Z","153.870493","124248","117368","EpicWebHelper.exe","124248:639247876216080510","Sample","1.453125","72351744","37629952",""
"92","2026-09-12T05:29:09.6334149Z","153.894651","18900","117368","EpicWebHelper.exe","18900:639247877401912320","Sample","0.078125","38907904","24449024",""
"93","2026-09-12T05:29:11.4858040Z","155.747058","124584","117368","EpicWebHelper.exe","124584:639247876215723220","Sample","0.078125","28663808","19234816",""
"93","2026-09-12T05:29:11.5118308Z","155.773087","117368","27016","UnrealEditor","117368:639247875957124820","Sample","266.296875","4254162944","3489300480",""
"93","2026-09-12T05:29:11.5369738Z","155.798229","3024","117368","EpicWebHelper.exe","3024:639247876215207150","Sample","2.734375","117927936","133292032",""
"93","2026-09-12T05:29:11.5614431Z","155.822697","17692","117368","EpicWebHelper.exe","17692:639247876215552910","Sample","0.265625","42663936","21831680",""
"93","2026-09-12T05:29:11.5856862Z","155.846942","124248","117368","EpicWebHelper.exe","124248:639247876216080510","Sample","1.718750","73519104","38604800",""
"93","2026-09-12T05:29:11.6105199Z","155.871776","18900","117368","EpicWebHelper.exe","18900:639247877401912320","Sample","0.078125","38875136","24399872",""
"94","2026-09-12T05:29:13.3241567Z","157.585429","124584","117368","EpicWebHelper.exe","124584:639247876215723220","Sample","0.078125","28663808","19234816",""
"94","2026-09-12T05:29:13.3477351Z","157.609008","117368","27016","UnrealEditor","117368:639247875957124820","Sample","270.531250","4250865664","3485204480",""
"94","2026-09-12T05:29:13.3719243Z","157.633195","3024","117368","EpicWebHelper.exe","3024:639247876215207150","Sample","3.046875","117944320","133328896",""
"94","2026-09-12T05:29:13.3967768Z","157.658048","17692","117368","EpicWebHelper.exe","17692:639247876215552910","Sample","0.265625","42663936","21831680",""
"94","2026-09-12T05:29:13.4208507Z","157.682125","124248","117368","EpicWebHelper.exe","124248:639247876216080510","Sample","1.921875","74428416","39178240",""
"94","2026-09-12T05:29:13.4447728Z","157.706045","18900","117368","EpicWebHelper.exe","18900:639247877401912320","Sample","0.078125","38875136","24399872",""
"95","2026-09-12T05:29:15.1323586Z","159.393647","124584","117368","EpicWebHelper.exe","124584:639247876215723220","Sample","0.078125","28663808","19234816",""
"95","2026-09-12T05:29:15.1557271Z","159.417016","117368","27016","UnrealEditor","117368:639247875957124820","Sample","274.625000","4250787840","3485151232",""
"95","2026-09-12T05:29:15.1794024Z","159.440731","3024","117368","EpicWebHelper.exe","3024:639247876215207150","Sample","3.171875","119005184","134385664",""
"95","2026-09-12T05:29:15.2044616Z","159.465752","17692","117368","EpicWebHelper.exe","17692:639247876215552910","Sample","0.265625","42663936","21831680",""
"95","2026-09-12T05:29:15.2267785Z","159.488069","124248","117368","EpicWebHelper.exe","124248:639247876216080510","Sample","2.093750","75431936","40222720",""
"95","2026-09-12T05:29:15.2523040Z","159.513593","18900","117368","EpicWebHelper.exe","18900:639247877401912320","Sample","0.078125","38875136","24399872",""
"96","2026-09-12T05:29:16.9403162Z","161.201621","124584","117368","EpicWebHelper.exe","124584:639247876215723220","Sample","0.078125","28663808","19234816",""
"96","2026-09-12T05:29:16.9663785Z","161.227685","117368","27016","UnrealEditor","117368:639247875957124820","Sample","278.687500","4250746880","3485077504",""
"96","2026-09-12T05:29:16.9909925Z","161.252298","3024","117368","EpicWebHelper.exe","3024:639247876215207150","Sample","3.437500","118992896","134369280",""
"96","2026-09-12T05:29:17.0163373Z","161.277643","17692","117368","EpicWebHelper.exe","17692:639247876215552910","Sample","0.265625","42647552","21798912",""
"96","2026-09-12T05:29:17.0400620Z","161.301369","124248","117368","EpicWebHelper.exe","124248:639247876216080510","Sample","2.265625","76447744","41463808",""
"96","2026-09-12T05:29:17.0642615Z","161.325570","18900","117368","EpicWebHelper.exe","18900:639247877401912320","Sample","0.078125","38875136","24399872",""
"97","2026-09-12T05:29:18.8194122Z","163.080737","124584","117368","EpicWebHelper.exe","124584:639247876215723220","Sample","0.078125","28663808","19234816",""
"97","2026-09-12T05:29:18.8443001Z","163.105625","117368","27016","UnrealEditor","117368:639247875957124820","Sample","283.015625","4250746880","3485077504",""
"97","2026-09-12T05:29:18.8699994Z","163.131324","3024","117368","EpicWebHelper.exe","3024:639247876215207150","Sample","3.562500","123068416","134336512",""
"97","2026-09-12T05:29:18.8945299Z","163.155855","17692","117368","EpicWebHelper.exe","17692:639247876215552910","Sample","0.265625","42647552","21798912",""
"97","2026-09-12T05:29:18.9193500Z","163.180674","124248","117368","EpicWebHelper.exe","124248:639247876216080510","Sample","2.546875","77660160","42586112",""
"97","2026-09-12T05:29:18.9433659Z","163.204690","18900","117368","EpicWebHelper.exe","18900:639247877401912320","Sample","0.078125","38875136","24399872",""
"98","2026-09-12T05:29:20.6323798Z","164.893721","124584","117368","EpicWebHelper.exe","124584:639247876215723220","Sample","0.078125","28663808","19234816",""
"98","2026-09-12T05:29:20.6596819Z","164.921028","117368","27016","UnrealEditor","117368:639247875957124820","Sample","287.218750","4250750976","3485077504",""
"98","2026-09-12T05:29:20.6848411Z","164.946182","3024","117368","EpicWebHelper.exe","3024:639247876215207150","Sample","3.859375","123088896","134369280",""
"98","2026-09-12T05:29:20.7091182Z","164.970462","17692","117368","EpicWebHelper.exe","17692:639247876215552910","Sample","0.265625","42647552","21798912",""
"98","2026-09-12T05:29:20.7337299Z","164.995073","124248","117368","EpicWebHelper.exe","124248:639247876216080510","Sample","2.687500","78540800","43491328",""
"98","2026-09-12T05:29:20.7570231Z","165.018366","18900","117368","EpicWebHelper.exe","18900:639247877401912320","Sample","0.078125","38875136","24399872",""
"99","2026-09-12T05:29:22.5283850Z","166.789746","124584","117368","EpicWebHelper.exe","124584:639247876215723220","Sample","0.078125","28663808","19234816",""
"99","2026-09-12T05:29:22.5516225Z","166.812981","117368","27016","UnrealEditor","117368:639247875957124820","Sample","291.812500","4249210880","3483537408",""
"99","2026-09-12T05:29:22.5735966Z","166.834955","3024","117368","EpicWebHelper.exe","3024:639247876215207150","Sample","4.296875","123088896","134377472",""
"99","2026-09-12T05:29:22.5979978Z","166.859358","17692","117368","EpicWebHelper.exe","17692:639247876215552910","Sample","0.265625","42647552","21798912",""
"99","2026-09-12T05:29:22.6217150Z","166.883075","124248","117368","EpicWebHelper.exe","124248:639247876216080510","Sample","3.015625","79593472","44605440",""
"99","2026-09-12T05:29:22.6459964Z","166.907362","18900","117368","EpicWebHelper.exe","18900:639247877401912320","Sample","0.078125","38879232","24399872",""
"100","2026-09-12T05:29:24.3229168Z","168.584295","124584","117368","EpicWebHelper.exe","124584:639247876215723220","Sample","0.078125","28663808","19234816",""
"100","2026-09-12T05:29:24.3491855Z","168.610562","117368","27016","UnrealEditor","117368:639247875957124820","Sample","296.046875","4249210880","3483537408",""
"100","2026-09-12T05:29:24.3744109Z","168.635788","3024","117368","EpicWebHelper.exe","3024:639247876215207150","Sample","4.656250","127184896","134377472",""
"100","2026-09-12T05:29:24.3991052Z","168.660483","17692","117368","EpicWebHelper.exe","17692:639247876215552910","Sample","0.265625","42647552","21798912",""
"100","2026-09-12T05:29:24.4239510Z","168.685329","124248","117368","EpicWebHelper.exe","124248:639247876216080510","Sample","3.296875","80703488","45707264",""
"100","2026-09-12T05:29:24.4496315Z","168.711010","18900","117368","EpicWebHelper.exe","18900:639247877401912320","Sample","0.078125","38879232","24399872",""
"101","2026-09-12T05:29:26.1309757Z","170.392370","124584","117368","EpicWebHelper.exe","124584:639247876215723220","Sample","0.078125","28663808","19234816",""
"101","2026-09-12T05:29:26.1551296Z","170.416524","117368","27016","UnrealEditor","117368:639247875957124820","Sample","300.500000","4249210880","3483537408",""
"101","2026-09-12T05:29:26.1804898Z","170.441884","3024","117368","EpicWebHelper.exe","3024:639247876215207150","Sample","4.812500","123088896","134377472",""
"101","2026-09-12T05:29:26.2073615Z","170.468762","17692","117368","EpicWebHelper.exe","17692:639247876215552910","Sample","0.265625","42647552","21798912",""
"101","2026-09-12T05:29:26.2316971Z","170.493092","124248","117368","EpicWebHelper.exe","124248:639247876216080510","Sample","3.515625","81608704","46530560",""
"101","2026-09-12T05:29:26.2579004Z","170.519301","18900","117368","EpicWebHelper.exe","18900:639247877401912320","Sample","0.078125","38879232","24399872",""
"102","2026-09-12T05:29:27.9732031Z","172.234615","124584","117368","EpicWebHelper.exe","124584:639247876215723220","Sample","0.078125","28663808","19234816",""
"102","2026-09-12T05:29:27.9983728Z","172.259784","117368","27016","UnrealEditor","117368:639247875957124820","Sample","304.734375","4252418048","3483545600",""
"102","2026-09-12T05:29:28.0217498Z","172.283164","3024","117368","EpicWebHelper.exe","3024:639247876215207150","Sample","5.312500","124588032","134377472",""
"102","2026-09-12T05:29:28.0457927Z","172.307205","17692","117368","EpicWebHelper.exe","17692:639247876215552910","Sample","0.265625","42647552","21798912",""
"102","2026-09-12T05:29:28.0708490Z","172.332263","124248","117368","EpicWebHelper.exe","124248:639247876216080510","Sample","3.781250","82567168","47390720",""
"102","2026-09-12T05:29:28.0966195Z","172.358032","18900","117368","EpicWebHelper.exe","18900:639247877401912320","Sample","0.078125","38879232","24399872",""
"103","2026-09-12T05:29:29.7863988Z","174.047827","124584","117368","EpicWebHelper.exe","124584:639247876215723220","Sample","0.078125","28663808","19234816",""
"103","2026-09-12T05:29:29.8122120Z","174.073642","117368","27016","UnrealEditor","117368:639247875957124820","Sample","308.984375","4249210880","3483537408",""
"103","2026-09-12T05:29:29.8373722Z","174.098801","3024","117368","EpicWebHelper.exe","3024:639247876215207150","Sample","5.609375","127184896","134377472",""
"103","2026-09-12T05:29:29.8612180Z","174.122647","17692","117368","EpicWebHelper.exe","17692:639247876215552910","Sample","0.265625","42647552","21798912",""
"103","2026-09-12T05:29:29.8867714Z","174.148202","124248","117368","EpicWebHelper.exe","124248:639247876216080510","Sample","3.968750","83570688","48357376",""
"103","2026-09-12T05:29:29.9118613Z","174.173290","18900","117368","EpicWebHelper.exe","18900:639247877401912320","Sample","0.078125","38879232","24399872",""
"104","2026-09-12T05:29:31.5863743Z","175.847821","124584","117368","EpicWebHelper.exe","124584:639247876215723220","Sample","0.078125","28663808","19234816",""
"104","2026-09-12T05:29:31.6109591Z","175.872406","117368","27016","UnrealEditor","117368:639247875957124820","Sample","313.234375","4249079808","3483406336",""
"104","2026-09-12T05:29:31.6370632Z","175.898513","3024","117368","EpicWebHelper.exe","3024:639247876215207150","Sample","5.875000","127184896","134377472",""
"104","2026-09-12T05:29:31.6625075Z","175.923954","17692","117368","EpicWebHelper.exe","17692:639247876215552910","Sample","0.265625","42647552","21798912",""
"104","2026-09-12T05:29:31.6863352Z","175.947784","124248","117368","EpicWebHelper.exe","124248:639247876216080510","Sample","4.203125","70295552","50425856",""
"104","2026-09-12T05:29:31.7103356Z","175.971782","18900","117368","EpicWebHelper.exe","18900:639247877401912320","Sample","0.078125","38879232","24399872",""
"105","2026-09-12T05:29:33.4357802Z","177.697244","124584","117368","EpicWebHelper.exe","124584:639247876215723220","Sample","0.078125","28663808","19234816",""
"105","2026-09-12T05:29:33.4580418Z","177.719508","117368","27016","UnrealEditor","117368:639247875957124820","Sample","317.515625","4249079808","3483406336",""
"105","2026-09-12T05:29:33.4819534Z","177.743417","3024","117368","EpicWebHelper.exe","3024:639247876215207150","Sample","6.312500","123088896","134377472",""
"105","2026-09-12T05:29:33.5058370Z","177.767301","17692","117368","EpicWebHelper.exe","17692:639247876215552910","Sample","0.265625","42663936","21831680",""
"105","2026-09-12T05:29:33.5304059Z","177.791870","124248","117368","EpicWebHelper.exe","124248:639247876216080510","Sample","4.484375","70848512","50126848",""
"105","2026-09-12T05:29:33.5542309Z","177.815696","18900","117368","EpicWebHelper.exe","18900:639247877401912320","Sample","0.078125","38879232","24399872",""
"106","2026-09-12T05:29:35.2810352Z","179.542518","124584","117368","EpicWebHelper.exe","124584:639247876215723220","Sample","0.078125","28663808","19234816",""
"106","2026-09-12T05:29:35.3071738Z","179.568655","117368","27016","UnrealEditor","117368:639247875957124820","Sample","321.781250","4249079808","3483406336",""
"106","2026-09-12T05:29:35.3327864Z","179.594269","3024","117368","EpicWebHelper.exe","3024:639247876215207150","Sample","6.625000","123088896","134377472",""
"106","2026-09-12T05:29:35.3587063Z","179.620189","17692","117368","EpicWebHelper.exe","17692:639247876215552910","Sample","0.265625","42663936","21831680",""
"106","2026-09-12T05:29:35.3837257Z","179.645209","124248","117368","EpicWebHelper.exe","124248:639247876216080510","Sample","4.812500","71757824","50167808",""
"106","2026-09-12T05:29:35.4091728Z","179.670656","18900","117368","EpicWebHelper.exe","18900:639247877401912320","Sample","0.078125","38879232","24399872",""
"107","2026-09-12T05:29:37.1262390Z","181.387738","124584","117368","EpicWebHelper.exe","124584:639247876215723220","Sample","0.078125","28663808","19234816",""
"107","2026-09-12T05:29:37.1503025Z","181.411802","117368","27016","UnrealEditor","117368:639247875957124820","Sample","326.281250","4249100288","3483443200",""
"107","2026-09-12T05:29:37.1766858Z","181.438186","3024","117368","EpicWebHelper.exe","3024:639247876215207150","Sample","7.187500","127184896","134377472",""
"107","2026-09-12T05:29:37.2015057Z","181.463007","17692","117368","EpicWebHelper.exe","17692:639247876215552910","Sample","0.265625","42663936","21831680",""
"107","2026-09-12T05:29:37.2262951Z","181.487795","124248","117368","EpicWebHelper.exe","124248:639247876216080510","Sample","5.171875","72441856","50196480",""
"107","2026-09-12T05:29:37.2513513Z","181.512851","18900","117368","EpicWebHelper.exe","18900:639247877401912320","Sample","0.078125","38879232","24399872",""
"108","2026-09-12T05:29:38.8886889Z","183.150205","124584","117368","EpicWebHelper.exe","124584:639247876215723220","Sample","0.078125","28663808","19234816",""
"108","2026-09-12T05:29:38.9148476Z","183.176364","117368","27016","UnrealEditor","117368:639247875957124820","Sample","330.265625","4251160576","3482402816",""
"108","2026-09-12T05:29:38.9391521Z","183.200671","3024","117368","EpicWebHelper.exe","3024:639247876215207150","Sample","7.609375","127184896","134377472",""
"108","2026-09-12T05:29:38.9642132Z","183.225729","17692","117368","EpicWebHelper.exe","17692:639247876215552910","Sample","0.281250","42663936","21831680",""
"108","2026-09-12T05:29:38.9879334Z","183.249451","124248","117368","EpicWebHelper.exe","124248:639247876216080510","Sample","5.421875","73216000","50241536",""
"108","2026-09-12T05:29:39.0125178Z","183.274035","18900","117368","EpicWebHelper.exe","18900:639247877401912320","Sample","0.078125","38879232","24399872",""
"109","2026-09-12T05:29:40.6603165Z","184.921850","124584","117368","EpicWebHelper.exe","124584:639247876215723220","Sample","0.078125","28663808","19234816",""
"109","2026-09-12T05:29:40.6850146Z","184.946549","117368","27016","UnrealEditor","117368:639247875957124820","Sample","334.765625","4248051712","3482394624",""
"109","2026-09-12T05:29:40.7087676Z","184.970301","3024","117368","EpicWebHelper.exe","3024:639247876215207150","Sample","7.765625","127184896","134377472",""
"109","2026-09-12T05:29:40.7334020Z","184.994937","17692","117368","EpicWebHelper.exe","17692:639247876215552910","Sample","0.281250","42663936","21831680",""
"109","2026-09-12T05:29:40.7595231Z","185.021058","124248","117368","EpicWebHelper.exe","124248:639247876216080510","Sample","5.671875","73846784","50225152",""
"109","2026-09-12T05:29:40.7854534Z","185.046988","18900","117368","EpicWebHelper.exe","18900:639247877401912320","Sample","0.078125","38879232","24399872",""
"110","2026-09-12T05:29:42.4719700Z","186.733521","124584","117368","EpicWebHelper.exe","124584:639247876215723220","Sample","0.078125","28663808","19234816",""
"110","2026-09-12T05:29:42.4975837Z","186.759141","117368","27016","UnrealEditor","117368:639247875957124820","Sample","339.140625","4252356608","3486367744",""
"110","2026-09-12T05:29:42.5218747Z","186.783425","3024","117368","EpicWebHelper.exe","3024:639247876215207150","Sample","8.078125","127184896","134377472",""
"110","2026-09-12T05:29:42.5462797Z","186.807832","17692","117368","EpicWebHelper.exe","17692:639247876215552910","Sample","0.281250","42663936","21831680",""
"110","2026-09-12T05:29:42.5719599Z","186.833511","124248","117368","EpicWebHelper.exe","124248:639247876216080510","Sample","5.890625","74735616","50274304",""
"110","2026-09-12T05:29:42.5965651Z","186.858118","18900","117368","EpicWebHelper.exe","18900:639247877401912320","Sample","0.078125","38879232","24399872",""
"111","2026-09-12T05:29:44.2686932Z","188.530260","124584","117368","EpicWebHelper.exe","124584:639247876215723220","Sample","0.078125","28663808","19234816",""
"111","2026-09-12T05:29:44.2929121Z","188.554479","117368","27016","UnrealEditor","117368:639247875957124820","Sample","343.437500","4248051712","3482386432",""
"111","2026-09-12T05:29:44.3158562Z","188.577425","3024","117368","EpicWebHelper.exe","3024:639247876215207150","Sample","8.421875","123088896","134377472",""
"111","2026-09-12T05:29:44.3388954Z","188.600464","17692","117368","EpicWebHelper.exe","17692:639247876215552910","Sample","0.281250","42663936","21831680",""
"111","2026-09-12T05:29:44.3614820Z","188.623051","124248","117368","EpicWebHelper.exe","124248:639247876216080510","Sample","6.125000","75669504","50315264",""
"111","2026-09-12T05:29:44.3845984Z","188.646167","18900","117368","EpicWebHelper.exe","18900:639247877401912320","Sample","0.078125","38879232","24399872",""
"112","2026-09-12T05:29:46.0376404Z","190.299225","124584","117368","EpicWebHelper.exe","124584:639247876215723220","Sample","0.078125","28663808","19234816",""
"112","2026-09-12T05:29:46.0611228Z","190.322708","117368","27016","UnrealEditor","117368:639247875957124820","Sample","347.468750","4248055808","3482390528",""
"112","2026-09-12T05:29:46.0846177Z","190.346203","3024","117368","EpicWebHelper.exe","3024:639247876215207150","Sample","8.656250","123088896","134377472",""
"112","2026-09-12T05:29:46.1091127Z","190.370699","17692","117368","EpicWebHelper.exe","17692:639247876215552910","Sample","0.281250","42663936","21831680",""
"112","2026-09-12T05:29:46.1329868Z","190.394573","124248","117368","EpicWebHelper.exe","124248:639247876216080510","Sample","6.265625","76619776","50634752",""
"112","2026-09-12T05:29:46.1576424Z","190.419229","18900","117368","EpicWebHelper.exe","18900:639247877401912320","Sample","0.078125","38879232","24399872",""
"113","2026-09-12T05:29:47.8046636Z","192.066265","124584","117368","EpicWebHelper.exe","124584:639247876215723220","Sample","0.078125","28663808","19234816",""
"113","2026-09-12T05:29:47.8283247Z","192.089926","117368","27016","UnrealEditor","117368:639247875957124820","Sample","351.734375","4248055808","3482390528",""
"113","2026-09-12T05:29:47.8519763Z","192.113579","3024","117368","EpicWebHelper.exe","3024:639247876215207150","Sample","8.875000","123088896","134377472",""
"113","2026-09-12T05:29:47.8757115Z","192.137315","17692","117368","EpicWebHelper.exe","17692:639247876215552910","Sample","0.281250","42663936","21831680",""
"113","2026-09-12T05:29:47.8998312Z","192.161434","124248","117368","EpicWebHelper.exe","124248:639247876216080510","Sample","6.578125","77742080","51245056",""
"113","2026-09-12T05:29:47.9251243Z","192.186727","18900","117368","EpicWebHelper.exe","18900:639247877401912320","Sample","0.078125","38879232","24399872",""
"114","2026-09-12T05:29:49.5559126Z","193.817530","124584","117368","EpicWebHelper.exe","124584:639247876215723220","Sample","0.078125","28663808","19234816",""
"114","2026-09-12T05:29:49.5794675Z","193.841084","117368","27016","UnrealEditor","117368:639247875957124820","Sample","356.546875","4247924736","3482259456",""
"114","2026-09-12T05:29:49.6023272Z","193.863946","3024","117368","EpicWebHelper.exe","3024:639247876215207150","Sample","9.218750","127188992","138485760",""
"114","2026-09-12T05:29:49.6249759Z","193.886594","17692","117368","EpicWebHelper.exe","17692:639247876215552910","Sample","0.281250","42663936","21831680",""
"114","2026-09-12T05:29:49.6507642Z","193.912384","124248","117368","EpicWebHelper.exe","124248:639247876216080510","Sample","6.843750","78675968","52699136",""
"114","2026-09-12T05:29:49.6769708Z","193.938592","18900","117368","EpicWebHelper.exe","18900:639247877401912320","Sample","0.078125","38879232","24399872",""
"115","2026-09-12T05:29:51.3484251Z","195.610061","124584","117368","EpicWebHelper.exe","124584:639247876215723220","Sample","0.078125","28663808","19234816",""
"115","2026-09-12T05:29:51.3714639Z","195.633100","117368","27016","UnrealEditor","117368:639247875957124820","Sample","360.609375","4247924736","3482259456",""
"115","2026-09-12T05:29:51.3954457Z","195.657082","3024","117368","EpicWebHelper.exe","3024:639247876215207150","Sample","9.484375","123092992","135393280",""
"115","2026-09-12T05:29:51.4183434Z","195.679980","17692","117368","EpicWebHelper.exe","17692:639247876215552910","Sample","0.281250","42663936","21831680",""
"115","2026-09-12T05:29:51.4421134Z","195.703750","124248","117368","EpicWebHelper.exe","124248:639247876216080510","Sample","7.031250","78946304","52740096",""
"115","2026-09-12T05:29:51.4649432Z","195.726580","18900","117368","EpicWebHelper.exe","18900:639247877401912320","Sample","0.078125","38879232","24399872",""
"116","2026-09-12T05:29:53.1151538Z","197.376805","124584","117368","EpicWebHelper.exe","124584:639247876215723220","Sample","0.078125","28663808","19234816",""
"116","2026-09-12T05:29:53.1390241Z","197.400676","117368","27016","UnrealEditor","117368:639247875957124820","Sample","365.015625","4247932928","3482267648",""
"116","2026-09-12T05:29:53.1620692Z","197.423722","3024","117368","EpicWebHelper.exe","3024:639247876215207150","Sample","9.937500","127213568","135430144",""
"116","2026-09-12T05:29:53.1850699Z","197.446724","17692","117368","EpicWebHelper.exe","17692:639247876215552910","Sample","0.281250","42696704","21893120",""
"116","2026-09-12T05:29:53.2093346Z","197.470989","124248","117368","EpicWebHelper.exe","124248:639247876216080510","Sample","7.203125","78966784","52637696",""
"116","2026-09-12T05:29:53.2321770Z","197.493831","18900","117368","EpicWebHelper.exe","18900:639247877401912320","Sample","0.078125","38879232","24399872",""
"117","2026-09-12T05:29:54.8640642Z","199.125733","124584","117368","EpicWebHelper.exe","124584:639247876215723220","Sample","0.078125","28663808","19234816",""
"117","2026-09-12T05:29:54.8885988Z","199.150270","117368","27016","UnrealEditor","117368:639247875957124820","Sample","369.062500","4243959808","3478294528",""
"117","2026-09-12T05:29:54.9124944Z","199.174165","3024","117368","EpicWebHelper.exe","3024:639247876215207150","Sample","10.187500","123109376","135426048",""
"117","2026-09-12T05:29:54.9363435Z","199.198014","17692","117368","EpicWebHelper.exe","17692:639247876215552910","Sample","0.281250","42672128","21831680",""
"117","2026-09-12T05:29:54.9599007Z","199.221571","124248","117368","EpicWebHelper.exe","124248:639247876216080510","Sample","7.468750","79167488","52748288",""
"117","2026-09-12T05:29:54.9842020Z","199.245872","18900","117368","EpicWebHelper.exe","18900:639247877401912320","Sample","0.078125","38879232","24399872",""
"118","2026-09-12T05:29:56.6557019Z","200.917389","124584","117368","EpicWebHelper.exe","124584:639247876215723220","Sample","0.078125","28663808","19234816",""
"118","2026-09-12T05:29:56.6791272Z","200.940814","117368","27016","UnrealEditor","117368:639247875957124820","Sample","373.296875","4243959808","3478294528",""
"118","2026-09-12T05:29:56.7018172Z","200.963506","3024","117368","EpicWebHelper.exe","3024:639247876215207150","Sample","10.296875","123113472","135426048",""
"118","2026-09-12T05:29:56.7256323Z","200.987320","17692","117368","EpicWebHelper.exe","17692:639247876215552910","Sample","0.281250","42672128","21831680",""
"118","2026-09-12T05:29:56.7492271Z","201.010915","124248","117368","EpicWebHelper.exe","124248:639247876216080510","Sample","7.625000","79290368","52805632",""
"118","2026-09-12T05:29:56.7733520Z","201.035039","18900","117368","EpicWebHelper.exe","18900:639247877401912320","Sample","0.078125","38879232","24399872",""
"119","2026-09-12T05:29:58.4164107Z","202.678115","124584","117368","EpicWebHelper.exe","124584:639247876215723220","Sample","0.078125","28663808","19234816",""
"119","2026-09-12T05:29:58.4385288Z","202.700233","117368","27016","UnrealEditor","117368:639247875957124820","Sample","377.125000","4243959808","3478294528",""
"119","2026-09-12T05:29:58.4618793Z","202.723584","3024","117368","EpicWebHelper.exe","3024:639247876215207150","Sample","10.796875","123113472","135426048",""
"119","2026-09-12T05:29:58.4851313Z","202.746836","17692","117368","EpicWebHelper.exe","17692:639247876215552910","Sample","0.281250","42672128","21831680",""
"119","2026-09-12T05:29:58.5096208Z","202.771325","124248","117368","EpicWebHelper.exe","124248:639247876216080510","Sample","7.921875","79568896","52854784",""
"119","2026-09-12T05:29:58.5324670Z","202.794171","18900","117368","EpicWebHelper.exe","18900:639247877401912320","Sample","0.078125","38879232","24399872",""
"120","2026-09-12T05:30:00.1953020Z","204.457022","124584","117368","EpicWebHelper.exe","124584:639247876215723220","Sample","0.078125","28663808","19234816",""
"120","2026-09-12T05:30:00.2205343Z","204.482255","117368","27016","UnrealEditor","117368:639247875957124820","Sample","381.281250","4243828736","3478163456",""
"120","2026-09-12T05:30:00.2475970Z","204.509319","3024","117368","EpicWebHelper.exe","3024:639247876215207150","Sample","11.203125","123437056","135397376",""
"120","2026-09-12T05:30:00.2722011Z","204.533922","17692","117368","EpicWebHelper.exe","17692:639247876215552910","Sample","0.281250","42672128","21831680",""
"120","2026-09-12T05:30:00.2970315Z","204.558754","124248","117368","EpicWebHelper.exe","124248:639247876216080510","Sample","8.125000","79720448","52903936",""
"120","2026-09-12T05:30:00.3237996Z","204.585527","18900","117368","EpicWebHelper.exe","18900:639247877401912320","Sample","0.078125","38821888","24293376",""
"121","2026-09-12T05:30:02.0639458Z","206.325685","124584","117368","EpicWebHelper.exe","124584:639247876215723220","Sample","0.093750","28663808","19234816",""
"121","2026-09-12T05:30:02.0879794Z","206.349718","117368","27016","UnrealEditor","117368:639247875957124820","Sample","385.781250","4244004864","3478253568",""
"121","2026-09-12T05:30:02.1114070Z","206.373146","3024","117368","EpicWebHelper.exe","3024:639247876215207150","Sample","11.453125","179421184","131321856",""
"121","2026-09-12T05:30:02.1351989Z","206.396939","17692","117368","EpicWebHelper.exe","17692:639247876215552910","Sample","0.281250","42676224","21831680",""
"121","2026-09-12T05:30:02.1583094Z","206.420049","124248","117368","EpicWebHelper.exe","124248:639247876216080510","Sample","8.500000","80515072","53510144",""
"121","2026-09-12T05:30:02.1816362Z","206.443376","18900","117368","EpicWebHelper.exe","18900:639247877401912320","Sample","0.078125","38825984","24297472",""
"122","2026-09-12T05:30:03.8490634Z","208.110819","124584","117368","EpicWebHelper.exe","124584:639247876215723220","Sample","0.093750","28663808","19234816",""
"122","2026-09-12T05:30:03.8729488Z","208.134705","117368","27016","UnrealEditor","117368:639247875957124820","Sample","390.328125","4244004864","3478253568",""
"122","2026-09-12T05:30:03.8979356Z","208.159693","3024","117368","EpicWebHelper.exe","3024:639247876215207150","Sample","11.718750","196427776","135430144",""
"122","2026-09-12T05:30:03.9223250Z","208.184081","17692","117368","EpicWebHelper.exe","17692:639247876215552910","Sample","0.281250","42676224","21831680",""
"122","2026-09-12T05:30:03.9477987Z","208.209556","124248","117368","EpicWebHelper.exe","124248:639247876216080510","Sample","8.703125","80666624","53583872",""
"122","2026-09-12T05:30:03.9706518Z","208.232410","18900","117368","EpicWebHelper.exe","18900:639247877401912320","Sample","0.078125","38825984","24297472",""
"123","2026-09-12T05:30:05.6532101Z","209.914983","124584","117368","EpicWebHelper.exe","124584:639247876215723220","Sample","0.093750","28663808","19234816",""
"123","2026-09-12T05:30:05.6762674Z","209.938041","117368","27016","UnrealEditor","117368:639247875957124820","Sample","394.562500","4244004864","3478253568",""
"123","2026-09-12T05:30:05.6995596Z","209.961333","3024","117368","EpicWebHelper.exe","3024:639247876215207150","Sample","12.156250","197165056","135430144",""
"123","2026-09-12T05:30:05.7230942Z","209.984868","17692","117368","EpicWebHelper.exe","17692:639247876215552910","Sample","0.281250","42676224","21831680",""
"123","2026-09-12T05:30:05.7461907Z","210.007965","124248","117368","EpicWebHelper.exe","124248:639247876216080510","Sample","8.968750","81235968","54439936",""
"123","2026-09-12T05:30:05.7700228Z","210.031798","18900","117368","EpicWebHelper.exe","18900:639247877401912320","Sample","0.078125","38825984","24297472",""
"124","2026-09-12T05:30:07.4387213Z","211.700514","124584","117368","EpicWebHelper.exe","124584:639247876215723220","Sample","0.109375","28663808","19234816",""
"124","2026-09-12T05:30:07.4610628Z","211.722853","117368","27016","UnrealEditor","117368:639247875957124820","Sample","398.750000","4244004864","3478253568",""
"124","2026-09-12T05:30:07.4853533Z","211.747145","3024","117368","EpicWebHelper.exe","3024:639247876215207150","Sample","12.406250","197083136","135385088",""
"124","2026-09-12T05:30:07.5092381Z","211.771029","17692","117368","EpicWebHelper.exe","17692:639247876215552910","Sample","0.296875","42725376","21889024",""
"124","2026-09-12T05:30:07.5324821Z","211.794272","124248","117368","EpicWebHelper.exe","124248:639247876216080510","Sample","9.187500","81399808","54493184",""
"124","2026-09-12T05:30:07.5559101Z","211.817704","18900","117368","EpicWebHelper.exe","18900:639247877401912320","Sample","0.078125","38825984","24297472",""
"125","2026-09-12T05:30:09.1873499Z","213.449158","124584","117368","EpicWebHelper.exe","124584:639247876215723220","Sample","0.109375","66514944","19234816",""
"125","2026-09-12T05:30:09.2111315Z","213.472939","117368","27016","UnrealEditor","117368:639247875957124820","Sample","403.203125","4248100864","3478261760",""
"125","2026-09-12T05:30:09.2336679Z","213.495475","3024","117368","EpicWebHelper.exe","3024:639247876215207150","Sample","12.828125","197087232","135389184",""
"125","2026-09-12T05:30:09.2562364Z","213.518044","17692","117368","EpicWebHelper.exe","17692:639247876215552910","Sample","0.296875","42725376","21889024",""
"125","2026-09-12T05:30:09.2802445Z","213.542054","124248","117368","EpicWebHelper.exe","124248:639247876216080510","Sample","9.312500","81178624","54448128",""
"125","2026-09-12T05:30:09.3031666Z","213.564975","18900","117368","EpicWebHelper.exe","18900:639247877401912320","Sample","0.078125","38825984","24297472",""
"126","2026-09-12T05:30:10.9427256Z","215.204550","124584","117368","EpicWebHelper.exe","124584:639247876215723220","Sample","0.109375","73965568","19234816",""
"126","2026-09-12T05:30:10.9664551Z","215.228280","117368","27016","UnrealEditor","117368:639247875957124820","Sample","407.281250","4275331072","3552530432",""
"126","2026-09-12T05:30:10.9900033Z","215.251828","3024","117368","EpicWebHelper.exe","3024:639247876215207150","Sample","13.109375","161394688","131080192",""
"126","2026-09-12T05:30:11.0126895Z","215.274514","17692","117368","EpicWebHelper.exe","17692:639247876215552910","Sample","0.296875","42676224","21831680",""
"126","2026-09-12T05:30:11.0127929Z","215.274610","124248","117368","EpicWebHelper.exe","124248:639247876216080510","Exited",,,,""
"126","2026-09-12T05:30:11.0371709Z","215.298997","18900","117368","EpicWebHelper.exe","18900:639247877401912320","Sample","0.078125","38825984","24297472",""
"127","2026-09-12T05:30:12.6379555Z","216.899799","124584","117368","EpicWebHelper.exe","124584:639247876215723220","Sample","0.109375","81264640","19234816",""
"127","2026-09-12T05:30:12.6618614Z","216.923701","117368","27016","UnrealEditor","117368:639247875957124820","Sample","411.515625","4275396608","3553062912",""
"127","2026-09-12T05:30:12.6845206Z","216.946363","3024","117368","EpicWebHelper.exe","3024:639247876215207150","Sample","13.109375","161394688","131080192",""
"127","2026-09-12T05:30:12.7081969Z","216.970037","17692","117368","EpicWebHelper.exe","17692:639247876215552910","Sample","0.296875","42676224","21831680",""
"127","2026-09-12T05:30:12.7311882Z","216.993031","18900","117368","EpicWebHelper.exe","18900:639247877401912320","Sample","0.078125","38825984","24297472",""
"128","2026-09-12T05:30:14.3158881Z","218.577746","124584","117368","EpicWebHelper.exe","124584:639247876215723220","Sample","0.109375","91926528","19234816",""
"128","2026-09-12T05:30:14.3383641Z","218.600221","117368","27016","UnrealEditor","117368:639247875957124820","Sample","415.593750","4275326976","3552993280",""
"128","2026-09-12T05:30:14.3615251Z","218.623383","3024","117368","EpicWebHelper.exe","3024:639247876215207150","Sample","13.109375","161394688","131080192",""
"128","2026-09-12T05:30:14.3845200Z","218.646377","17692","117368","EpicWebHelper.exe","17692:639247876215552910","Sample","0.296875","43986944","21827584",""
"128","2026-09-12T05:30:14.4075399Z","218.669402","18900","117368","EpicWebHelper.exe","18900:639247877401912320","Sample","0.078125","38825984","24297472",""
"129","2026-09-12T05:30:16.0769629Z","220.338836","124584","117368","EpicWebHelper.exe","124584:639247876215723220","Sample","0.109375","119721984","19234816",""
"129","2026-09-12T05:30:16.1012545Z","220.363128","117368","27016","UnrealEditor","117368:639247875957124820","Sample","419.687500","4275453952","3553525760",""
"129","2026-09-12T05:30:16.1253442Z","220.387218","3024","117368","EpicWebHelper.exe","3024:639247876215207150","Sample","13.109375","161226752","130912256",""
"129","2026-09-12T05:30:16.1491002Z","220.410974","17692","117368","EpicWebHelper.exe","17692:639247876215552910","Sample","0.296875","81465344","21827584",""
"129","2026-09-12T05:30:16.1723292Z","220.434204","18900","117368","EpicWebHelper.exe","18900:639247877401912320","Sample","0.078125","38825984","24297472",""
"130","2026-09-12T05:30:17.8397384Z","222.101629","124584","117368","EpicWebHelper.exe","124584:639247876215723220","Sample","0.109375","155062272","19234816",""
"130","2026-09-12T05:30:17.8640084Z","222.125899","117368","27016","UnrealEditor","117368:639247875957124820","Sample","423.937500","4268736512","3546767360",""
"130","2026-09-12T05:30:17.8893049Z","222.151196","3024","117368","EpicWebHelper.exe","3024:639247876215207150","Sample","13.109375","161226752","130912256",""
"130","2026-09-12T05:30:17.9155283Z","222.177419","17692","117368","EpicWebHelper.exe","17692:639247876215552910","Sample","0.296875","89079808","21848064",""
"130","2026-09-12T05:30:17.9404776Z","222.202370","18900","117368","EpicWebHelper.exe","18900:639247877401912320","Sample","0.078125","38825984","24297472",""
"131","2026-09-12T05:30:19.6262275Z","223.888134","124584","117368","EpicWebHelper.exe","124584:639247876215723220","Sample","0.109375","155062272","19234816",""
"131","2026-09-12T05:30:19.6515784Z","223.913486","117368","27016","UnrealEditor","117368:639247875957124820","Sample","428.281250","4268822528","3546755072",""
"131","2026-09-12T05:30:19.6768593Z","223.938768","3024","117368","EpicWebHelper.exe","3024:639247876215207150","Sample","13.109375","161226752","130912256",""
"131","2026-09-12T05:30:19.7019941Z","223.963903","17692","117368","EpicWebHelper.exe","17692:639247876215552910","Sample","0.312500","96993280","21827584",""
"131","2026-09-12T05:30:19.7272477Z","223.989157","18900","117368","EpicWebHelper.exe","18900:639247877401912320","Sample","0.078125","38825984","24297472",""
"132","2026-09-12T05:30:21.4192654Z","225.681189","124584","117368","EpicWebHelper.exe","124584:639247876215723220","Sample","0.109375","155062272","19234816",""
"132","2026-09-12T05:30:21.4425701Z","225.704495","117368","27016","UnrealEditor","117368:639247875957124820","Sample","432.468750","4268855296","3546755072",""
"132","2026-09-12T05:30:21.4679307Z","225.729856","3024","117368","EpicWebHelper.exe","3024:639247876215207150","Sample","13.109375","161226752","130912256",""
"132","2026-09-12T05:30:21.4922622Z","225.754187","17692","117368","EpicWebHelper.exe","17692:639247876215552910","Sample","0.312500","105578496","21827584",""
"132","2026-09-12T05:30:21.5165087Z","225.778437","18900","117368","EpicWebHelper.exe","18900:639247877401912320","Sample","0.078125","38825984","24297472",""
"133","2026-09-12T05:30:23.1785817Z","227.440522","124584","117368","EpicWebHelper.exe","124584:639247876215723220","Sample","0.109375","155062272","19234816",""
"133","2026-09-12T05:30:23.2020440Z","227.463987","117368","27016","UnrealEditor","117368:639247875957124820","Sample","436.875000","4268888064","3546755072",""
"133","2026-09-12T05:30:23.2259749Z","227.487918","3024","117368","EpicWebHelper.exe","3024:639247876215207150","Sample","13.109375","161226752","130912256",""
"133","2026-09-12T05:30:23.2495010Z","227.511443","17692","117368","EpicWebHelper.exe","17692:639247876215552910","Sample","0.312500","121729024","21827584",""
"133","2026-09-12T05:30:23.2724287Z","227.534371","18900","117368","EpicWebHelper.exe","18900:639247877401912320","Sample","0.078125","38825984","24297472",""
"134","2026-09-12T05:30:24.8844254Z","229.146382","124584","117368","EpicWebHelper.exe","124584:639247876215723220","Sample","0.109375","155062272","19234816",""
"134","2026-09-12T05:30:24.9077512Z","229.169709","117368","27016","UnrealEditor","117368:639247875957124820","Sample","441.000000","4268904448","3546755072",""
"134","2026-09-12T05:30:24.9315396Z","229.193497","3024","117368","EpicWebHelper.exe","3024:639247876215207150","Sample","13.109375","161226752","130912256",""
"134","2026-09-12T05:30:24.9550687Z","229.217027","17692","117368","EpicWebHelper.exe","17692:639247876215552910","Sample","0.312500","160133120","21827584",""
"134","2026-09-12T05:30:24.9782641Z","229.240224","18900","117368","EpicWebHelper.exe","18900:639247877401912320","Sample","0.078125","38825984","24297472",""
"135","2026-09-12T05:30:26.5980206Z","230.859996","124584","117368","EpicWebHelper.exe","124584:639247876215723220","Sample","0.109375","155062272","19234816",""
"135","2026-09-12T05:30:26.6216179Z","230.883592","117368","27016","UnrealEditor","117368:639247875957124820","Sample","445.187500","4268974080","3546755072",""
"135","2026-09-12T05:30:26.6463683Z","230.908342","3024","117368","EpicWebHelper.exe","3024:639247876215207150","Sample","13.109375","161226752","130912256",""
"135","2026-09-12T05:30:26.6700788Z","230.932054","17692","117368","EpicWebHelper.exe","17692:639247876215552910","Sample","0.312500","168775680","21827584",""
"135","2026-09-12T05:30:26.6944080Z","230.956383","18900","117368","EpicWebHelper.exe","18900:639247877401912320","Sample","0.078125","38825984","24297472",""
"136","2026-09-12T05:30:28.3335740Z","232.595568","124584","117368","EpicWebHelper.exe","124584:639247876215723220","Sample","0.109375","155062272","19234816",""
"136","2026-09-12T05:30:28.3569904Z","232.618980","117368","27016","UnrealEditor","117368:639247875957124820","Sample","449.296875","4268974080","3546755072",""
"136","2026-09-12T05:30:28.3794384Z","232.641432","3024","117368","EpicWebHelper.exe","3024:639247876215207150","Sample","13.109375","161226752","130912256",""
"136","2026-09-12T05:30:28.4030501Z","232.665042","17692","117368","EpicWebHelper.exe","17692:639247876215552910","Sample","0.312500","168775680","21827584",""
"136","2026-09-12T05:30:28.4272699Z","232.689263","18900","117368","EpicWebHelper.exe","18900:639247877401912320","Sample","0.078125","38825984","24297472",""
"137","2026-09-12T05:30:30.0474734Z","234.309482","124584","117368","EpicWebHelper.exe","124584:639247876215723220","Sample","0.109375","155062272","19234816",""
"137","2026-09-12T05:30:30.0703536Z","234.332361","117368","27016","UnrealEditor","117368:639247875957124820","Sample","453.484375","4268982272","3546755072",""
"137","2026-09-12T05:30:30.0938942Z","234.355904","3024","117368","EpicWebHelper.exe","3024:639247876215207150","Sample","13.109375","161226752","130912256",""
"137","2026-09-12T05:30:30.1161438Z","234.378152","17692","117368","EpicWebHelper.exe","17692:639247876215552910","Sample","0.312500","168775680","21827584",""
"137","2026-09-12T05:30:30.1397311Z","234.401739","18900","117368","EpicWebHelper.exe","18900:639247877401912320","Sample","0.078125","38825984","24297472",""
"138","2026-09-12T05:30:31.7774707Z","236.039495","124584","117368","EpicWebHelper.exe","124584:639247876215723220","Sample","0.109375","155062272","19234816",""
"138","2026-09-12T05:30:31.8010065Z","236.063030","117368","27016","UnrealEditor","117368:639247875957124820","Sample","457.640625","4269080576","3547021312",""
"138","2026-09-12T05:30:31.8231549Z","236.085178","3024","117368","EpicWebHelper.exe","3024:639247876215207150","Sample","13.125000","161226752","130912256",""
"138","2026-09-12T05:30:31.8464024Z","236.108427","17692","117368","EpicWebHelper.exe","17692:639247876215552910","Sample","0.312500","168775680","21827584",""
"138","2026-09-12T05:30:31.8684201Z","236.130445","18900","117368","EpicWebHelper.exe","18900:639247877401912320","Sample","0.078125","38825984","24297472",""
"139","2026-09-12T05:30:33.5546084Z","237.816649","124584","117368","EpicWebHelper.exe","124584:639247876215723220","Sample","0.109375","155062272","19234816",""
"139","2026-09-12T05:30:33.5779634Z","237.840005","117368","27016","UnrealEditor","117368:639247875957124820","Sample","461.781250","4266983424","3544924160",""
"139","2026-09-12T05:30:33.6023864Z","237.864428","3024","117368","EpicWebHelper.exe","3024:639247876215207150","Sample","13.125000","161226752","130912256",""
"139","2026-09-12T05:30:33.6250047Z","237.887047","17692","117368","EpicWebHelper.exe","17692:639247876215552910","Sample","0.312500","168775680","21827584",""
"139","2026-09-12T05:30:33.6515933Z","237.913642","18900","117368","EpicWebHelper.exe","18900:639247877401912320","Sample","0.078125","38825984","24297472",""
"140","2026-09-12T05:30:35.2718896Z","239.533946","124584","117368","EpicWebHelper.exe","124584:639247876215723220","Sample","0.109375","155062272","19234816",""
"140","2026-09-12T05:30:35.2938784Z","239.555937","117368","27016","UnrealEditor","117368:639247875957124820","Sample","465.796875","4267016192","3544924160",""
"140","2026-09-12T05:30:35.3168613Z","239.578919","3024","117368","EpicWebHelper.exe","3024:639247876215207150","Sample","13.125000","161226752","130912256",""
"140","2026-09-12T05:30:35.3400459Z","239.602105","17692","117368","EpicWebHelper.exe","17692:639247876215552910","Sample","0.312500","168775680","21827584",""
"140","2026-09-12T05:30:35.3624615Z","239.624519","18900","117368","EpicWebHelper.exe","18900:639247877401912320","Sample","0.078125","38825984","24297472",""
"141","2026-09-12T05:30:36.9808863Z","241.242959","124584","117368","EpicWebHelper.exe","124584:639247876215723220","Sample","0.109375","155062272","19234816",""
"141","2026-09-12T05:30:37.0037537Z","241.265829","117368","27016","UnrealEditor","117368:639247875957124820","Sample","469.890625","4267089920","3545190400",""
"141","2026-09-12T05:30:37.0271542Z","241.289228","3024","117368","EpicWebHelper.exe","3024:639247876215207150","Sample","13.125000","161226752","130912256",""
"141","2026-09-12T05:30:37.0500726Z","241.312150","17692","117368","EpicWebHelper.exe","17692:639247876215552910","Sample","0.312500","168775680","21827584",""
"141","2026-09-12T05:30:37.0731246Z","241.335200","18900","117368","EpicWebHelper.exe","18900:639247877401912320","Sample","0.078125","38825984","24297472",""
"142","2026-09-12T05:30:38.6885219Z","242.950611","124584","117368","EpicWebHelper.exe","124584:639247876215723220","Sample","0.109375","155062272","19234816",""
"142","2026-09-12T05:30:38.7119591Z","242.974050","117368","27016","UnrealEditor","117368:639247875957124820","Sample","474.140625","4267139072","3545190400",""
"142","2026-09-12T05:30:38.7345332Z","242.996624","3024","117368","EpicWebHelper.exe","3024:639247876215207150","Sample","13.125000","161226752","130912256",""
"142","2026-09-12T05:30:38.7566935Z","243.018783","17692","117368","EpicWebHelper.exe","17692:639247876215552910","Sample","0.312500","168775680","21827584",""
"142","2026-09-12T05:30:38.7799788Z","243.042070","18900","117368","EpicWebHelper.exe","18900:639247877401912320","Sample","0.078125","38825984","24297472",""
"143","2026-09-12T05:30:40.4115141Z","244.673621","124584","117368","EpicWebHelper.exe","124584:639247876215723220","Sample","0.109375","155062272","19234816",""
"143","2026-09-12T05:30:40.4341408Z","244.696247","117368","27016","UnrealEditor","117368:639247875957124820","Sample","478.312500","4267147264","3545190400",""
"143","2026-09-12T05:30:40.4569001Z","244.719007","3024","117368","EpicWebHelper.exe","3024:639247876215207150","Sample","13.125000","161226752","130912256",""
"143","2026-09-12T05:30:40.4812555Z","244.743366","17692","117368","EpicWebHelper.exe","17692:639247876215552910","Sample","0.312500","168775680","21827584",""
"143","2026-09-12T05:30:40.5051902Z","244.767299","18900","117368","EpicWebHelper.exe","18900:639247877401912320","Sample","0.078125","38825984","24297472",""
"144","2026-09-12T05:30:42.1135328Z","246.375657","124584","117368","EpicWebHelper.exe","124584:639247876215723220","Sample","0.109375","155062272","19234816",""
"144","2026-09-12T05:30:42.1367020Z","246.398831","117368","27016","UnrealEditor","117368:639247875957124820","Sample","482.390625","4267180032","3545190400",""
"144","2026-09-12T05:30:42.1590396Z","246.421163","3024","117368","EpicWebHelper.exe","3024:639247876215207150","Sample","13.125000","161226752","130912256",""
"144","2026-09-12T05:30:42.1818216Z","246.443945","17692","117368","EpicWebHelper.exe","17692:639247876215552910","Sample","0.312500","168775680","21827584",""
"144","2026-09-12T05:30:42.2044748Z","246.466598","18900","117368","EpicWebHelper.exe","18900:639247877401912320","Sample","0.078125","38825984","24297472",""
"145","2026-09-12T05:30:43.8189867Z","248.081128","124584","117368","EpicWebHelper.exe","124584:639247876215723220","Sample","0.109375","155062272","19234816",""
"145","2026-09-12T05:30:43.8430636Z","248.105204","117368","27016","UnrealEditor","117368:639247875957124820","Sample","486.296875","4267188224","3545190400",""
"145","2026-09-12T05:30:43.8663984Z","248.128538","3024","117368","EpicWebHelper.exe","3024:639247876215207150","Sample","13.125000","161226752","130912256",""
"145","2026-09-12T05:30:43.8902160Z","248.152355","17692","117368","EpicWebHelper.exe","17692:639247876215552910","Sample","0.312500","168775680","21827584",""
"145","2026-09-12T05:30:43.9143141Z","248.176454","18900","117368","EpicWebHelper.exe","18900:639247877401912320","Sample","0.078125","38825984","24297472",""
"146","2026-09-12T05:30:45.4965910Z","249.758746","124584","117368","EpicWebHelper.exe","124584:639247876215723220","Sample","0.109375","155062272","19234816",""
"146","2026-09-12T05:30:45.5198650Z","249.782020","117368","27016","UnrealEditor","117368:639247875957124820","Sample","490.312500","4267188224","3545190400",""
"146","2026-09-12T05:30:45.5426488Z","249.804804","3024","117368","EpicWebHelper.exe","3024:639247876215207150","Sample","13.125000","161226752","130912256",""
"146","2026-09-12T05:30:45.5673846Z","249.829541","17692","117368","EpicWebHelper.exe","17692:639247876215552910","Sample","0.312500","168775680","21827584",""
"146","2026-09-12T05:30:45.5912485Z","249.853406","18900","117368","EpicWebHelper.exe","18900:639247877401912320","Sample","0.078125","38825984","24297472",""
"147","2026-09-12T05:30:47.2334207Z","251.495590","124584","117368","EpicWebHelper.exe","124584:639247876215723220","Sample","0.109375","155062272","19234816",""
"147","2026-09-12T05:30:47.2560728Z","251.518243","117368","27016","UnrealEditor","117368:639247875957124820","Sample","494.421875","4267302912","3545198592",""
"147","2026-09-12T05:30:47.2792954Z","251.541469","3024","117368","EpicWebHelper.exe","3024:639247876215207150","Sample","13.125000","161226752","130912256",""
"147","2026-09-12T05:30:47.3020042Z","251.564177","17692","117368","EpicWebHelper.exe","17692:639247876215552910","Sample","0.312500","168775680","21827584",""
"147","2026-09-12T05:30:47.3253333Z","251.587506","18900","117368","EpicWebHelper.exe","18900:639247877401912320","Sample","0.078125","38825984","24297472",""
"148","2026-09-12T05:30:48.9278481Z","253.190036","124584","117368","EpicWebHelper.exe","124584:639247876215723220","Sample","0.109375","155062272","19234816",""
"148","2026-09-12T05:30:48.9516155Z","253.213805","117368","27016","UnrealEditor","117368:639247875957124820","Sample","498.765625","4267302912","3545198592",""
"148","2026-09-12T05:30:48.9747777Z","253.236967","3024","117368","EpicWebHelper.exe","3024:639247876215207150","Sample","13.125000","161226752","130912256",""
"148","2026-09-12T05:30:48.9982637Z","253.260456","17692","117368","EpicWebHelper.exe","17692:639247876215552910","Sample","0.312500","168775680","21827584",""
"148","2026-09-12T05:30:49.0224777Z","253.284666","18900","117368","EpicWebHelper.exe","18900:639247877401912320","Sample","0.078125","38825984","24297472",""
"149","2026-09-12T05:30:50.6842811Z","254.946488","124584","117368","EpicWebHelper.exe","124584:639247876215723220","Sample","0.109375","155062272","19234816",""
"149","2026-09-12T05:30:50.7098246Z","254.972031","117368","27016","UnrealEditor","117368:639247875957124820","Sample","502.984375","4267302912","3545198592",""
"149","2026-09-12T05:30:50.7330199Z","254.995226","3024","117368","EpicWebHelper.exe","3024:639247876215207150","Sample","13.125000","161226752","130912256",""
"149","2026-09-12T05:30:50.7560036Z","255.018210","17692","117368","EpicWebHelper.exe","17692:639247876215552910","Sample","0.312500","168775680","21827584",""
"149","2026-09-12T05:30:50.7803109Z","255.042517","18900","117368","EpicWebHelper.exe","18900:639247877401912320","Sample","0.078125","38825984","24297472",""
"150","2026-09-12T05:30:52.4188276Z","256.681052","124584","117368","EpicWebHelper.exe","124584:639247876215723220","Sample","0.109375","155062272","19234816",""
"150","2026-09-12T05:30:52.4412875Z","256.703509","117368","27016","UnrealEditor","117368:639247875957124820","Sample","507.109375","4267302912","3545198592",""
"150","2026-09-12T05:30:52.4641001Z","256.726321","3024","117368","EpicWebHelper.exe","3024:639247876215207150","Sample","13.125000","161226752","130912256",""
"150","2026-09-12T05:30:52.4884150Z","256.750637","17692","117368","EpicWebHelper.exe","17692:639247876215552910","Sample","0.312500","168775680","21827584",""
"150","2026-09-12T05:30:52.5121545Z","256.774379","18900","117368","EpicWebHelper.exe","18900:639247877401912320","Sample","0.078125","38825984","24297472",""
"151","2026-09-12T05:30:54.1263213Z","258.388559","124584","117368","EpicWebHelper.exe","124584:639247876215723220","Sample","0.109375","155062272","19234816",""
"151","2026-09-12T05:30:54.1484947Z","258.410736","117368","27016","UnrealEditor","117368:639247875957124820","Sample","511.156250","4267302912","3545198592",""
"151","2026-09-12T05:30:54.1718130Z","258.434050","3024","117368","EpicWebHelper.exe","3024:639247876215207150","Sample","13.125000","161226752","130912256",""
"151","2026-09-12T05:30:54.1941960Z","258.456434","17692","117368","EpicWebHelper.exe","17692:639247876215552910","Sample","0.312500","168775680","21827584",""
"151","2026-09-12T05:30:54.2176405Z","258.479880","18900","117368","EpicWebHelper.exe","18900:639247877401912320","Sample","0.078125","38825984","24297472",""
"152","2026-09-12T05:30:55.8275620Z","260.089817","124584","117368","EpicWebHelper.exe","124584:639247876215723220","Sample","0.109375","155062272","19234816",""
"152","2026-09-12T05:30:55.8515996Z","260.113856","117368","27016","UnrealEditor","117368:639247875957124820","Sample","515.234375","4267376640","3545464832",""
"152","2026-09-12T05:30:55.8756491Z","260.137904","3024","117368","EpicWebHelper.exe","3024:639247876215207150","Sample","13.125000","161226752","130912256",""
"152","2026-09-12T05:30:55.8987499Z","260.161005","17692","117368","EpicWebHelper.exe","17692:639247876215552910","Sample","0.312500","168775680","21827584",""
"152","2026-09-12T05:30:55.9221773Z","260.184433","18900","117368","EpicWebHelper.exe","18900:639247877401912320","Sample","0.078125","38825984","24297472",""
"153","2026-09-12T05:30:57.5865546Z","261.848825","124584","117368","EpicWebHelper.exe","124584:639247876215723220","Sample","0.109375","155062272","19234816",""
"153","2026-09-12T05:30:57.6113654Z","261.873637","117368","27016","UnrealEditor","117368:639247875957124820","Sample","519.546875","4267409408","3545464832",""
"153","2026-09-12T05:30:57.6352052Z","261.897478","3024","117368","EpicWebHelper.exe","3024:639247876215207150","Sample","13.140625","161226752","130912256",""
"153","2026-09-12T05:30:57.6583626Z","261.920634","17692","117368","EpicWebHelper.exe","17692:639247876215552910","Sample","0.312500","168775680","21827584",""
"153","2026-09-12T05:30:57.6807944Z","261.943073","18900","117368","EpicWebHelper.exe","18900:639247877401912320","Sample","0.078125","38825984","24297472",""
"154","2026-09-12T05:30:59.3077431Z","263.570032","124584","117368","EpicWebHelper.exe","124584:639247876215723220","Sample","0.109375","155062272","19234816",""
"154","2026-09-12T05:30:59.3321599Z","263.594449","117368","27016","UnrealEditor","117368:639247875957124820","Sample","523.500000","4267458560","3545464832",""
"154","2026-09-12T05:30:59.3552652Z","263.617554","3024","117368","EpicWebHelper.exe","3024:639247876215207150","Sample","13.140625","161226752","130912256",""
"154","2026-09-12T05:30:59.3781873Z","263.640483","17692","117368","EpicWebHelper.exe","17692:639247876215552910","Sample","0.312500","168775680","21827584",""
"154","2026-09-12T05:30:59.4006064Z","263.662896","18900","117368","EpicWebHelper.exe","18900:639247877401912320","Sample","0.078125","38825984","24297472",""
"155","2026-09-12T05:31:01.0757638Z","265.338069","124584","117368","EpicWebHelper.exe","124584:639247876215723220","Sample","0.109375","155062272","19234816",""
"155","2026-09-12T05:31:01.1000033Z","265.362308","117368","27016","UnrealEditor","117368:639247875957124820","Sample","527.687500","4267495424","3545464832",""
"155","2026-09-12T05:31:01.1239403Z","265.386247","3024","117368","EpicWebHelper.exe","3024:639247876215207150","Sample","13.156250","161226752","130912256",""
"155","2026-09-12T05:31:01.1475144Z","265.409820","17692","117368","EpicWebHelper.exe","17692:639247876215552910","Sample","0.312500","168775680","21827584",""
"155","2026-09-12T05:31:01.1707428Z","265.433048","18900","117368","EpicWebHelper.exe","18900:639247877401912320","Sample","0.078125","38825984","24297472",""
"156","2026-09-12T05:31:02.7315554Z","266.993877","124584","117368","EpicWebHelper.exe","124584:639247876215723220","Sample","0.109375","155062272","19234816",""
"156","2026-09-12T05:31:02.7558547Z","267.018177","117368","27016","UnrealEditor","117368:639247875957124820","Sample","531.484375","4267397120","3545333760",""
"156","2026-09-12T05:31:02.7786514Z","267.040974","3024","117368","EpicWebHelper.exe","3024:639247876215207150","Sample","13.156250","161226752","130912256",""
"156","2026-09-12T05:31:02.8038082Z","267.066131","17692","117368","EpicWebHelper.exe","17692:639247876215552910","Sample","0.328125","168783872","21929984",""
"156","2026-09-12T05:31:02.8282985Z","267.090623","18900","117368","EpicWebHelper.exe","18900:639247877401912320","Sample","0.078125","38825984","24297472",""
"157","2026-09-12T05:31:04.4180192Z","268.680355","124584","117368","EpicWebHelper.exe","124584:639247876215723220","Sample","0.109375","155062272","19234816",""
"157","2026-09-12T05:31:04.4404952Z","268.702838","117368","27016","UnrealEditor","117368:639247875957124820","Sample","535.578125","4267388928","3545280512",""
"157","2026-09-12T05:31:04.4635584Z","268.725895","3024","117368","EpicWebHelper.exe","3024:639247876215207150","Sample","13.156250","161226752","130912256",""
"157","2026-09-12T05:31:04.4859087Z","268.748249","17692","117368","EpicWebHelper.exe","17692:639247876215552910","Sample","0.328125","168783872","21929984",""
"157","2026-09-12T05:31:04.5091408Z","268.771478","18900","117368","EpicWebHelper.exe","18900:639247877401912320","Sample","0.078125","38825984","24297472",""
"158","2026-09-12T05:31:06.1448296Z","270.407183","124584","117368","EpicWebHelper.exe","124584:639247876215723220","Sample","0.109375","155062272","19234816",""
"158","2026-09-12T05:31:06.1675371Z","270.429891","117368","27016","UnrealEditor","117368:639247875957124820","Sample","539.937500","4267388928","3545280512",""
"158","2026-09-12T05:31:06.1909215Z","270.453277","3024","117368","EpicWebHelper.exe","3024:639247876215207150","Sample","13.156250","161226752","130912256",""
"158","2026-09-12T05:31:06.2136294Z","270.475983","17692","117368","EpicWebHelper.exe","17692:639247876215552910","Sample","0.328125","168767488","21889024",""
"158","2026-09-12T05:31:06.2354501Z","270.497805","18900","117368","EpicWebHelper.exe","18900:639247877401912320","Sample","0.078125","38825984","24297472",""
"159","2026-09-12T05:31:07.8052732Z","272.067643","124584","117368","EpicWebHelper.exe","124584:639247876215723220","Sample","0.109375","155062272","19234816",""
"159","2026-09-12T05:31:07.8274746Z","272.089845","117368","27016","UnrealEditor","117368:639247875957124820","Sample","544.046875","4267372544","3545239552",""
"159","2026-09-12T05:31:07.8506751Z","272.113045","3024","117368","EpicWebHelper.exe","3024:639247876215207150","Sample","13.156250","161218560","130904064",""
"159","2026-09-12T05:31:07.8731031Z","272.135474","17692","117368","EpicWebHelper.exe","17692:639247876215552910","Sample","0.328125","168800256","21929984",""
"159","2026-09-12T05:31:07.8972016Z","272.159572","18900","117368","EpicWebHelper.exe","18900:639247877401912320","Sample","0.078125","38825984","24297472",""
"160","2026-09-12T05:31:09.4941878Z","273.756573","124584","117368","EpicWebHelper.exe","124584:639247876215723220","Sample","0.109375","155062272","19234816",""
"160","2026-09-12T05:31:09.5168559Z","273.779243","117368","27016","UnrealEditor","117368:639247875957124820","Sample","548.328125","4267372544","3545239552",""
"160","2026-09-12T05:31:09.5394493Z","273.801835","3024","117368","EpicWebHelper.exe","3024:639247876215207150","Sample","13.156250","161218560","130904064",""
"160","2026-09-12T05:31:09.5625311Z","273.824917","17692","117368","EpicWebHelper.exe","17692:639247876215552910","Sample","0.328125","168800256","21929984",""
"160","2026-09-12T05:31:09.5849553Z","273.847342","18900","117368","EpicWebHelper.exe","18900:639247877401912320","Sample","0.078125","38825984","24297472",""
"161","2026-09-12T05:31:11.1699039Z","275.432311","124584","117368","EpicWebHelper.exe","124584:639247876215723220","Sample","0.109375","155062272","19234816",""
"161","2026-09-12T05:31:11.1918064Z","275.454210","117368","27016","UnrealEditor","117368:639247875957124820","Sample","552.218750","4267433984","3545239552",""
"161","2026-09-12T05:31:11.2141837Z","275.476585","3024","117368","EpicWebHelper.exe","3024:639247876215207150","Sample","13.171875","161218560","130904064",""
"161","2026-09-12T05:31:11.2357979Z","275.498205","17692","117368","EpicWebHelper.exe","17692:639247876215552910","Sample","0.328125","168767488","21889024",""
"161","2026-09-12T05:31:11.2586051Z","275.521008","18900","117368","EpicWebHelper.exe","18900:639247877401912320","Sample","0.078125","38825984","24297472",""
"162","2026-09-12T05:31:12.8619908Z","277.124411","124584","117368","EpicWebHelper.exe","124584:639247876215723220","Sample","0.109375","155062272","19234816",""
"162","2026-09-12T05:31:12.8862614Z","277.148681","117368","27016","UnrealEditor","117368:639247875957124820","Sample","556.390625","4267442176","3545509888",""
"162","2026-09-12T05:31:12.9105523Z","277.172971","3024","117368","EpicWebHelper.exe","3024:639247876215207150","Sample","13.171875","161218560","130904064",""
"162","2026-09-12T05:31:12.9341078Z","277.196528","17692","117368","EpicWebHelper.exe","17692:639247876215552910","Sample","0.328125","168767488","21889024",""
"162","2026-09-12T05:31:12.9610967Z","277.223517","18900","117368","EpicWebHelper.exe","18900:639247877401912320","Sample","0.078125","38825984","24297472",""
"163","2026-09-12T05:31:14.5270495Z","278.789486","124584","117368","EpicWebHelper.exe","124584:639247876215723220","Sample","0.109375","155062272","19234816",""
"163","2026-09-12T05:31:14.5505845Z","278.813019","117368","27016","UnrealEditor","117368:639247875957124820","Sample","560.406250","4267442176","3545509888",""
"163","2026-09-12T05:31:14.5727922Z","278.835228","3024","117368","EpicWebHelper.exe","3024:639247876215207150","Sample","13.171875","161218560","130904064",""
"163","2026-09-12T05:31:14.5962172Z","278.858653","17692","117368","EpicWebHelper.exe","17692:639247876215552910","Sample","0.328125","168767488","21889024",""
"163","2026-09-12T05:31:14.6186013Z","278.881048","18900","117368","EpicWebHelper.exe","18900:639247877401912320","Sample","0.078125","38825984","24297472",""
"164","2026-09-12T05:31:16.2030804Z","280.465531","124584","117368","EpicWebHelper.exe","124584:639247876215723220","Sample","0.109375","155062272","19234816",""
"164","2026-09-12T05:31:16.2269143Z","280.489366","117368","27016","UnrealEditor","117368:639247875957124820","Sample","564.328125","4267540480","3545640960",""
"164","2026-09-12T05:31:16.2508017Z","280.513258","3024","117368","EpicWebHelper.exe","3024:639247876215207150","Sample","13.171875","161218560","130904064",""
"164","2026-09-12T05:31:16.2741999Z","280.536651","17692","117368","EpicWebHelper.exe","17692:639247876215552910","Sample","0.328125","168767488","21889024",""
"164","2026-09-12T05:31:16.2969064Z","280.559357","18900","117368","EpicWebHelper.exe","18900:639247877401912320","Sample","0.078125","38825984","24297472",""
"165","2026-09-12T05:31:17.9284262Z","282.190892","124584","117368","EpicWebHelper.exe","124584:639247876215723220","Sample","0.109375","155062272","19234816",""
"165","2026-09-12T05:31:17.9515249Z","282.213992","117368","27016","UnrealEditor","117368:639247875957124820","Sample","568.578125","4267540480","3545640960",""
"165","2026-09-12T05:31:17.9743923Z","282.236859","3024","117368","EpicWebHelper.exe","3024:639247876215207150","Sample","13.171875","161218560","130904064",""
"165","2026-09-12T05:31:17.9978299Z","282.260298","17692","117368","EpicWebHelper.exe","17692:639247876215552910","Sample","0.328125","168787968","21909504",""
"165","2026-09-12T05:31:18.0210356Z","282.283511","18900","117368","EpicWebHelper.exe","18900:639247877401912320","Sample","0.078125","38825984","24297472",""
"166","2026-09-12T05:31:19.5770721Z","283.839558","124584","117368","EpicWebHelper.exe","124584:639247876215723220","Sample","0.109375","155062272","19234816",""
"166","2026-09-12T05:31:19.6008557Z","283.863339","117368","27016","UnrealEditor","117368:639247875957124820","Sample","572.625000","4267585536","3545649152",""
"166","2026-09-12T05:31:19.6240260Z","283.886512","3024","117368","EpicWebHelper.exe","3024:639247876215207150","Sample","13.171875","161218560","130904064",""
"166","2026-09-12T05:31:19.6468201Z","283.909303","17692","117368","EpicWebHelper.exe","17692:639247876215552910","Sample","0.328125","168767488","21889024",""
"166","2026-09-12T05:31:19.6691300Z","283.931612","18900","117368","EpicWebHelper.exe","18900:639247877401912320","Sample","0.078125","38825984","24297472",""
"167","2026-09-12T05:31:21.2412706Z","285.503769","124584","117368","EpicWebHelper.exe","124584:639247876215723220","Sample","0.109375","155062272","19234816",""
"167","2026-09-12T05:31:21.2617044Z","285.524200","117368","27016","UnrealEditor","117368:639247875957124820","Sample","576.781250","4268785664","3548626944",""
"167","2026-09-12T05:31:21.2831828Z","285.545684","3024","117368","EpicWebHelper.exe","3024:639247876215207150","Sample","13.171875","161218560","130904064",""
"167","2026-09-12T05:31:21.3050181Z","285.567517","17692","117368","EpicWebHelper.exe","17692:639247876215552910","Sample","0.328125","168767488","21889024",""
"167","2026-09-12T05:31:21.3269123Z","285.589417","18900","117368","EpicWebHelper.exe","18900:639247877401912320","Sample","0.078125","38825984","24297472",""
"168","2026-09-12T05:31:22.8039911Z","287.066508","124584","117368","EpicWebHelper.exe","124584:639247876215723220","Sample","0.109375","155062272","19234816",""
"168","2026-09-12T05:31:22.8250763Z","287.087662","117368","27016","UnrealEditor","117368:639247875957124820","Sample","581.140625","4268818432","3549290496",""
"168","2026-09-12T05:31:22.8438126Z","287.106327","3024","117368","EpicWebHelper.exe","3024:639247876215207150","Sample","13.171875","161218560","130904064",""
"168","2026-09-12T05:31:22.8657759Z","287.128291","17692","117368","EpicWebHelper.exe","17692:639247876215552910","Sample","0.328125","168767488","21889024",""
"168","2026-09-12T05:31:22.8878144Z","287.150336","18900","117368","EpicWebHelper.exe","18900:639247877401912320","Sample","0.078125","38825984","24297472",""
"169","2026-09-12T05:31:24.4190428Z","288.681570","124584","117368","EpicWebHelper.exe","124584:639247876215723220","Sample","0.109375","155062272","19234816",""
"169","2026-09-12T05:31:24.4400147Z","288.702546","117368","27016","UnrealEditor","117368:639247875957124820","Sample","585.343750","4268822528","3549290496",""
"169","2026-09-12T05:31:24.4617252Z","288.724255","3024","117368","EpicWebHelper.exe","3024:639247876215207150","Sample","13.171875","161218560","130904064",""
"169","2026-09-12T05:31:24.4844213Z","288.746950","17692","117368","EpicWebHelper.exe","17692:639247876215552910","Sample","0.328125","168767488","21889024",""
"169","2026-09-12T05:31:24.5062665Z","288.768797","18900","117368","EpicWebHelper.exe","18900:639247877401912320","Sample","0.078125","38825984","24297472",""
"170","2026-09-12T05:31:26.0923163Z","290.354862","124584","117368","EpicWebHelper.exe","124584:639247876215723220","Sample","0.109375","155062272","19234816",""
"170","2026-09-12T05:31:26.1152263Z","290.377771","117368","27016","UnrealEditor","117368:639247875957124820","Sample","589.437500","4268761088","3549159424",""
"170","2026-09-12T05:31:26.1377918Z","290.400339","3024","117368","EpicWebHelper.exe","3024:639247876215207150","Sample","13.171875","161218560","130904064",""
"170","2026-09-12T05:31:26.1617096Z","290.424256","17692","117368","EpicWebHelper.exe","17692:639247876215552910","Sample","0.328125","168767488","21889024",""
"170","2026-09-12T05:31:26.1847316Z","290.447279","18900","117368","EpicWebHelper.exe","18900:639247877401912320","Sample","0.078125","38825984","24297472",""
"171","2026-09-12T05:31:27.7755940Z","292.038157","124584","117368","EpicWebHelper.exe","124584:639247876215723220","Sample","0.109375","155062272","19234816",""
"171","2026-09-12T05:31:27.7973550Z","292.059917","117368","27016","UnrealEditor","117368:639247875957124820","Sample","593.468750","4256215040","3536609280",""
"171","2026-09-12T05:31:27.8203968Z","292.082958","3024","117368","EpicWebHelper.exe","3024:639247876215207150","Sample","13.171875","161218560","130904064",""
"171","2026-09-12T05:31:27.8434736Z","292.106036","17692","117368","EpicWebHelper.exe","17692:639247876215552910","Sample","0.328125","168767488","21889024",""
"171","2026-09-12T05:31:27.8673334Z","292.129895","18900","117368","EpicWebHelper.exe","18900:639247877401912320","Sample","0.078125","38825984","24297472",""
"172","2026-09-12T05:31:29.4434749Z","293.706062","124584","117368","EpicWebHelper.exe","124584:639247876215723220","Sample","0.109375","155062272","19234816",""
"172","2026-09-12T05:31:29.4658547Z","293.728432","117368","27016","UnrealEditor","117368:639247875957124820","Sample","597.984375","4252385280","3532898304",""
"172","2026-09-12T05:31:29.4875574Z","293.750139","3024","117368","EpicWebHelper.exe","3024:639247876215207150","Sample","13.171875","161218560","130904064",""
"172","2026-09-12T05:31:29.5095022Z","293.772080","17692","117368","EpicWebHelper.exe","17692:639247876215552910","Sample","0.328125","168767488","21889024",""
"172","2026-09-12T05:31:29.5312119Z","293.793791","18900","117368","EpicWebHelper.exe","18900:639247877401912320","Sample","0.078125","38825984","24297472",""
"173","2026-09-12T05:31:31.0881682Z","295.350760","124584","117368","EpicWebHelper.exe","124584:639247876215723220","Sample","0.109375","155062272","19234816",""
"173","2026-09-12T05:31:31.1097874Z","295.372382","117368","27016","UnrealEditor","117368:639247875957124820","Sample","602.125000","4252389376","3533033472",""
"173","2026-09-12T05:31:31.1316686Z","295.394267","3024","117368","EpicWebHelper.exe","3024:639247876215207150","Sample","13.171875","161218560","130904064",""
"173","2026-09-12T05:31:31.1536858Z","295.416279","17692","117368","EpicWebHelper.exe","17692:639247876215552910","Sample","0.328125","168747008","21852160",""
"173","2026-09-12T05:31:31.1758981Z","295.438492","18900","117368","EpicWebHelper.exe","18900:639247877401912320","Sample","0.078125","38825984","24297472",""
"174","2026-09-12T05:31:32.7308869Z","296.993496","124584","117368","EpicWebHelper.exe","124584:639247876215723220","Sample","0.109375","155062272","19234816",""
"174","2026-09-12T05:31:32.7548351Z","297.017446","117368","27016","UnrealEditor","117368:639247875957124820","Sample","606.203125","4252397568","3533033472",""
"174","2026-09-12T05:31:32.7829788Z","297.045589","3024","117368","EpicWebHelper.exe","3024:639247876215207150","Sample","13.171875","161218560","130904064",""
"174","2026-09-12T05:31:32.8071174Z","297.069727","17692","117368","EpicWebHelper.exe","17692:639247876215552910","Sample","0.328125","168747008","21852160",""
"174","2026-09-12T05:31:32.8300219Z","297.092631","18900","117368","EpicWebHelper.exe","18900:639247877401912320","Sample","0.078125","38825984","24297472",""
"175","2026-09-12T05:31:34.3948887Z","298.657514","124584","117368","EpicWebHelper.exe","124584:639247876215723220","Sample","0.109375","155062272","19234816",""
"175","2026-09-12T05:31:34.4174263Z","298.680051","117368","27016","UnrealEditor","117368:639247875957124820","Sample","610.125000","4252397568","3533033472",""
"175","2026-09-12T05:31:34.4387934Z","298.701418","3024","117368","EpicWebHelper.exe","3024:639247876215207150","Sample","13.171875","161218560","130904064",""
"175","2026-09-12T05:31:34.4603525Z","298.722978","17692","117368","EpicWebHelper.exe","17692:639247876215552910","Sample","0.328125","168747008","21852160",""
"175","2026-09-12T05:31:34.4819744Z","298.744600","18900","117368","EpicWebHelper.exe","18900:639247877401912320","Sample","0.078125","38825984","24297472",""
"176","2026-09-12T05:31:36.0086383Z","300.271280","124584","117368","EpicWebHelper.exe","124584:639247876215723220","Sample","0.109375","155062272","19234816",""
"176","2026-09-12T05:31:36.0363448Z","300.298990","117368","27016","UnrealEditor","117368:639247875957124820","Sample","614.062500","4252409856","3533033472",""
"176","2026-09-12T05:31:36.0615965Z","300.324238","3024","117368","EpicWebHelper.exe","3024:639247876215207150","Sample","13.171875","161218560","130904064",""
"176","2026-09-12T05:31:36.0837350Z","300.346377","17692","117368","EpicWebHelper.exe","17692:639247876215552910","Sample","0.328125","168747008","21852160",""
"176","2026-09-12T05:31:36.1051614Z","300.367803","18900","117368","EpicWebHelper.exe","18900:639247877401912320","Sample","0.078125","38825984","24297472",""
"177","2026-09-12T05:31:37.6648940Z","301.927548","124584","117368","EpicWebHelper.exe","124584:639247876215723220","Sample","0.109375","155062272","19234816",""
"177","2026-09-12T05:31:37.6869465Z","301.949604","117368","27016","UnrealEditor","117368:639247875957124820","Sample","618.046875","4253122560","3533606912",""
"177","2026-09-12T05:31:37.7092059Z","301.971862","3024","117368","EpicWebHelper.exe","3024:639247876215207150","Sample","13.187500","161218560","130904064",""
"177","2026-09-12T05:31:37.7312626Z","301.993923","17692","117368","EpicWebHelper.exe","17692:639247876215552910","Sample","0.359375","168763392","21884928",""
"177","2026-09-12T05:31:37.7536413Z","302.016297","18900","117368","EpicWebHelper.exe","18900:639247877401912320","Sample","0.078125","38825984","24297472",""
"178","2026-09-12T05:31:39.3092831Z","303.571954","124584","117368","EpicWebHelper.exe","124584:639247876215723220","Sample","0.109375","155062272","19234816",""
"178","2026-09-12T05:31:39.3313708Z","303.594043","117368","27016","UnrealEditor","117368:639247875957124820","Sample","622.484375","4253298688","3533639680",""
"178","2026-09-12T05:31:39.3557801Z","303.618452","3024","117368","EpicWebHelper.exe","3024:639247876215207150","Sample","13.187500","161218560","130904064",""
"178","2026-09-12T05:31:39.3779144Z","303.640588","17692","117368","EpicWebHelper.exe","17692:639247876215552910","Sample","0.359375","168763392","21884928",""
"178","2026-09-12T05:31:39.3996273Z","303.662301","18900","117368","EpicWebHelper.exe","18900:639247877401912320","Sample","0.078125","38825984","24297472",""
"179","2026-09-12T05:31:40.9735381Z","305.236228","124584","117368","EpicWebHelper.exe","124584:639247876215723220","Sample","0.109375","155062272","19234816",""
"179","2026-09-12T05:31:40.9961225Z","305.258820","117368","27016","UnrealEditor","117368:639247875957124820","Sample","627.015625","4253302784","3533639680",""
"179","2026-09-12T05:31:41.0204080Z","305.283096","3024","117368","EpicWebHelper.exe","3024:639247876215207150","Sample","13.187500","161218560","130904064",""
"179","2026-09-12T05:31:41.0424467Z","305.305136","17692","117368","EpicWebHelper.exe","17692:639247876215552910","Sample","0.359375","168763392","21884928",""
"179","2026-09-12T05:31:41.0645511Z","305.327240","18900","117368","EpicWebHelper.exe","18900:639247877401912320","Sample","0.078125","38825984","24297472",""
"180","2026-09-12T05:31:42.5886859Z","306.851390","124584","117368","EpicWebHelper.exe","124584:639247876215723220","Sample","0.109375","155062272","19234816",""
"180","2026-09-12T05:31:42.6106653Z","306.873369","117368","27016","UnrealEditor","117368:639247875957124820","Sample","631.343750","4253302784","3533639680",""
"180","2026-09-12T05:31:42.6323805Z","306.895085","3024","117368","EpicWebHelper.exe","3024:639247876215207150","Sample","13.187500","161218560","130904064",""
"180","2026-09-12T05:31:42.6544826Z","306.917190","17692","117368","EpicWebHelper.exe","17692:639247876215552910","Sample","0.359375","168763392","21884928",""
"180","2026-09-12T05:31:42.6765360Z","306.939240","18900","117368","EpicWebHelper.exe","18900:639247877401912320","Sample","0.078125","38825984","24297472",""
"181","2026-09-12T05:31:44.2101565Z","308.472874","124584","117368","EpicWebHelper.exe","124584:639247876215723220","Sample","0.109375","155062272","19234816",""
"181","2026-09-12T05:31:44.2317225Z","308.494442","117368","27016","UnrealEditor","117368:639247875957124820","Sample","635.343750","4253433856","3533770752",""
"181","2026-09-12T05:31:44.2532960Z","308.516015","3024","117368","EpicWebHelper.exe","3024:639247876215207150","Sample","13.187500","161218560","130904064",""
"181","2026-09-12T05:31:44.2748933Z","308.537613","17692","117368","EpicWebHelper.exe","17692:639247876215552910","Sample","0.359375","168763392","21884928",""
"181","2026-09-12T05:31:44.2968178Z","308.559537","18900","117368","EpicWebHelper.exe","18900:639247877401912320","Sample","0.078125","38825984","24297472",""
"182","2026-09-12T05:31:45.8351819Z","310.097916","124584","117368","EpicWebHelper.exe","124584:639247876215723220","Sample","0.109375","155062272","19234816",""
"182","2026-09-12T05:31:45.8578221Z","310.120556","117368","27016","UnrealEditor","117368:639247875957124820","Sample","639.359375","4253437952","3533770752",""
"182","2026-09-12T05:31:45.8801918Z","310.142927","3024","117368","EpicWebHelper.exe","3024:639247876215207150","Sample","13.187500","161218560","130904064",""
"182","2026-09-12T05:31:45.9021254Z","310.164863","17692","117368","EpicWebHelper.exe","17692:639247876215552910","Sample","0.359375","168763392","21884928",""
"182","2026-09-12T05:31:45.9242287Z","310.186971","18900","117368","EpicWebHelper.exe","18900:639247877401912320","Sample","0.078125","38825984","24297472",""
"183","2026-09-12T05:31:47.4511694Z","311.713922","124584","117368","EpicWebHelper.exe","124584:639247876215723220","Sample","0.109375","155062272","19234816",""
"183","2026-09-12T05:31:47.4756227Z","311.738373","117368","27016","UnrealEditor","117368:639247875957124820","Sample","643.312500","4253458432","3534036992",""
"183","2026-09-12T05:31:47.4979537Z","311.760710","3024","117368","EpicWebHelper.exe","3024:639247876215207150","Sample","13.187500","161218560","130904064",""
"183","2026-09-12T05:31:47.5204268Z","311.783178","17692","117368","EpicWebHelper.exe","17692:639247876215552910","Sample","0.359375","168763392","21884928",""
"183","2026-09-12T05:31:47.5429453Z","311.805696","18900","117368","EpicWebHelper.exe","18900:639247877401912320","Sample","0.078125","38825984","24297472",""
"184","2026-09-12T05:31:49.0828175Z","313.345583","124584","117368","EpicWebHelper.exe","124584:639247876215723220","Sample","0.109375","155062272","19234816",""
"184","2026-09-12T05:31:49.1065619Z","313.369328","117368","27016","UnrealEditor","117368:639247875957124820","Sample","647.578125","4253462528","3534036992",""
"184","2026-09-12T05:31:49.1285791Z","313.391346","3024","117368","EpicWebHelper.exe","3024:639247876215207150","Sample","13.187500","161218560","130904064",""
"184","2026-09-12T05:31:49.1503191Z","313.413086","17692","117368","EpicWebHelper.exe","17692:639247876215552910","Sample","0.359375","168763392","21884928",""
"184","2026-09-12T05:31:49.1729108Z","313.435677","18900","117368","EpicWebHelper.exe","18900:639247877401912320","Sample","0.078125","38825984","24297472",""
"185","2026-09-12T05:31:50.6774737Z","314.940256","124584","117368","EpicWebHelper.exe","124584:639247876215723220","Sample","0.125000","155062272","19234816",""
"185","2026-09-12T05:31:50.6989860Z","314.961766","117368","27016","UnrealEditor","117368:639247875957124820","Sample","651.859375","4253462528","3534036992",""
"185","2026-09-12T05:31:50.7206509Z","314.983433","3024","117368","EpicWebHelper.exe","3024:639247876215207150","Sample","13.187500","161218560","130904064",""
"185","2026-09-12T05:31:50.7426589Z","315.005441","17692","117368","EpicWebHelper.exe","17692:639247876215552910","Sample","0.359375","168763392","21884928",""
"185","2026-09-12T05:31:50.7650606Z","315.027843","18900","117368","EpicWebHelper.exe","18900:639247877401912320","Sample","0.078125","38825984","24297472",""
"186","2026-09-12T05:31:52.3033628Z","316.566160","124584","117368","EpicWebHelper.exe","124584:639247876215723220","Sample","0.125000","155062272","19234816",""
"186","2026-09-12T05:31:52.3253623Z","316.588160","117368","27016","UnrealEditor","117368:639247875957124820","Sample","656.312500","4253450240","3534004224",""
"186","2026-09-12T05:31:52.3473063Z","316.610104","3024","117368","EpicWebHelper.exe","3024:639247876215207150","Sample","13.187500","161218560","130904064",""
"186","2026-09-12T05:31:52.3688058Z","316.631607","17692","117368","EpicWebHelper.exe","17692:639247876215552910","Sample","0.359375","168763392","21884928",""
"186","2026-09-12T05:31:52.3905571Z","316.653355","18900","117368","EpicWebHelper.exe","18900:639247877401912320","Sample","0.078125","38825984","24297472",""
"187","2026-09-12T05:31:53.9154988Z","318.178311","124584","117368","EpicWebHelper.exe","124584:639247876215723220","Sample","0.125000","155062272","19234816",""
"187","2026-09-12T05:31:53.9390115Z","318.201824","117368","27016","UnrealEditor","117368:639247875957124820","Sample","660.375000","4253450240","3534004224",""
"187","2026-09-12T05:31:53.9617394Z","318.224553","3024","117368","EpicWebHelper.exe","3024:639247876215207150","Sample","13.187500","161218560","130904064",""
"187","2026-09-12T05:31:53.9826473Z","318.245462","17692","117368","EpicWebHelper.exe","17692:639247876215552910","Sample","0.359375","168763392","21884928",""
"187","2026-09-12T05:31:54.0050600Z","318.267874","18900","117368","EpicWebHelper.exe","18900:639247877401912320","Sample","0.078125","38825984","24297472",""
"188","2026-09-12T05:31:55.5214993Z","319.784328","124584","117368","EpicWebHelper.exe","124584:639247876215723220","Sample","0.125000","155062272","19234816",""
"188","2026-09-12T05:31:55.5437512Z","319.806579","117368","27016","UnrealEditor","117368:639247875957124820","Sample","664.281250","4253458432","3534135296",""
"188","2026-09-12T05:31:55.5643073Z","319.827138","3024","117368","EpicWebHelper.exe","3024:639247876215207150","Sample","13.187500","161218560","130904064",""
"188","2026-09-12T05:31:55.5880292Z","319.850858","17692","117368","EpicWebHelper.exe","17692:639247876215552910","Sample","0.359375","168763392","21884928",""
"188","2026-09-12T05:31:55.6103167Z","319.873149","18900","117368","EpicWebHelper.exe","18900:639247877401912320","Sample","0.078125","38825984","24297472",""
"189","2026-09-12T05:31:57.1484127Z","321.411255","124584","117368","EpicWebHelper.exe","124584:639247876215723220","Sample","0.125000","155062272","19234816",""
"189","2026-09-12T05:31:57.1704476Z","321.433290","117368","27016","UnrealEditor","117368:639247875957124820","Sample","668.765625","4253458432","3534135296",""
"189","2026-09-12T05:31:57.1916161Z","321.454459","3024","117368","EpicWebHelper.exe","3024:639247876215207150","Sample","13.187500","161218560","130904064",""
"189","2026-09-12T05:31:57.2123773Z","321.475221","17692","117368","EpicWebHelper.exe","17692:639247876215552910","Sample","0.359375","168763392","21884928",""
"189","2026-09-12T05:31:57.2342529Z","321.497097","18900","117368","EpicWebHelper.exe","18900:639247877401912320","Sample","0.078125","38825984","24297472",""
"190","2026-09-12T05:31:58.7587867Z","323.021648","124584","117368","EpicWebHelper.exe","124584:639247876215723220","Sample","0.125000","155062272","19234816",""
"190","2026-09-12T05:31:58.7807998Z","323.043658","117368","27016","UnrealEditor","117368:639247875957124820","Sample","673.000000","4253458432","3534135296",""
"190","2026-09-12T05:31:58.8025176Z","323.065377","3024","117368","EpicWebHelper.exe","3024:639247876215207150","Sample","13.187500","161218560","130904064",""
"190","2026-09-12T05:31:58.8240563Z","323.086916","17692","117368","EpicWebHelper.exe","17692:639247876215552910","Sample","0.359375","168763392","21884928",""
"190","2026-09-12T05:31:58.8461199Z","323.108979","18900","117368","EpicWebHelper.exe","18900:639247877401912320","Sample","0.078125","38825984","24297472",""
"191","2026-09-12T05:32:00.4061148Z","324.668989","124584","117368","EpicWebHelper.exe","124584:639247876215723220","Sample","0.125000","155062272","19234816",""
"191","2026-09-12T05:32:00.4277350Z","324.690610","117368","27016","UnrealEditor","117368:639247875957124820","Sample","677.125000","4253458432","3534135296",""
"191","2026-09-12T05:32:00.4488287Z","324.711703","3024","117368","EpicWebHelper.exe","3024:639247876215207150","Sample","13.187500","161218560","130904064",""
"191","2026-09-12T05:32:00.4705525Z","324.733427","17692","117368","EpicWebHelper.exe","17692:639247876215552910","Sample","0.359375","168763392","21884928",""
"191","2026-09-12T05:32:00.4929473Z","324.755823","18900","117368","EpicWebHelper.exe","18900:639247877401912320","Sample","0.078125","38825984","24297472",""
"192","2026-09-12T05:32:02.0442013Z","326.307092","124584","117368","EpicWebHelper.exe","124584:639247876215723220","Sample","0.125000","155185152","19406848",""
"192","2026-09-12T05:32:02.0666665Z","326.329556","117368","27016","UnrealEditor","117368:639247875957124820","Sample","681.375000","4253491200","3534135296",""
"192","2026-09-12T05:32:02.0887163Z","326.351607","3024","117368","EpicWebHelper.exe","3024:639247876215207150","Sample","13.187500","161488896","130973696",""
"192","2026-09-12T05:32:02.1115778Z","326.374470","17692","117368","EpicWebHelper.exe","17692:639247876215552910","Sample","0.359375","168783872","21921792",""
"192","2026-09-12T05:32:02.1349349Z","326.397827","18900","117368","EpicWebHelper.exe","18900:639247877401912320","Sample","0.078125","38825984","24297472",""
"193","2026-09-12T05:32:03.6664690Z","327.929375","124584","117368","EpicWebHelper.exe","124584:639247876215723220","Sample","0.125000","155185152","19406848",""
"193","2026-09-12T05:32:03.6882155Z","327.951122","117368","27016","UnrealEditor","117368:639247875957124820","Sample","685.609375","4253491200","3534135296",""
"193","2026-09-12T05:32:03.7117223Z","327.974628","3024","117368","EpicWebHelper.exe","3024:639247876215207150","Sample","13.187500","161488896","130973696",""
"193","2026-09-12T05:32:03.7339522Z","327.996860","17692","117368","EpicWebHelper.exe","17692:639247876215552910","Sample","0.359375","168783872","21921792",""
"193","2026-09-12T05:32:03.7555782Z","328.018484","18900","117368","EpicWebHelper.exe","18900:639247877401912320","Sample","0.078125","38825984","24297472",""
"194","2026-09-12T05:32:05.2803316Z","329.543252","124584","117368","EpicWebHelper.exe","124584:639247876215723220","Sample","0.125000","155185152","19406848",""
"194","2026-09-12T05:32:05.3023678Z","329.565289","117368","27016","UnrealEditor","117368:639247875957124820","Sample","689.468750","4253491200","3534135296",""
"194","2026-09-12T05:32:05.3250373Z","329.587960","3024","117368","EpicWebHelper.exe","3024:639247876215207150","Sample","13.187500","161488896","130973696",""
"194","2026-09-12T05:32:05.3483235Z","329.611246","17692","117368","EpicWebHelper.exe","17692:639247876215552910","Sample","0.359375","168783872","21921792",""
"194","2026-09-12T05:32:05.3709811Z","329.633904","18900","117368","EpicWebHelper.exe","18900:639247877401912320","Sample","0.078125","38825984","24297472",""
"195","2026-09-12T05:32:06.9430000Z","331.205938","124584","117368","EpicWebHelper.exe","124584:639247876215723220","Sample","0.125000","155185152","19406848",""
"195","2026-09-12T05:32:06.9662183Z","331.229157","117368","27016","UnrealEditor","117368:639247875957124820","Sample","694.156250","4253552640","3534131200",""
"195","2026-09-12T05:32:06.9894003Z","331.252337","3024","117368","EpicWebHelper.exe","3024:639247876215207150","Sample","13.187500","161488896","130973696",""
"195","2026-09-12T05:32:07.0124462Z","331.275386","17692","117368","EpicWebHelper.exe","17692:639247876215552910","Sample","0.359375","168804352","21954560",""
"195","2026-09-12T05:32:07.0340526Z","331.296991","18900","117368","EpicWebHelper.exe","18900:639247877401912320","Sample","0.078125","38825984","24297472",""
"196","2026-09-12T05:32:08.5504747Z","332.813426","124584","117368","EpicWebHelper.exe","124584:639247876215723220","Sample","0.125000","155185152","19406848",""
"196","2026-09-12T05:32:08.5731261Z","332.836084","117368","27016","UnrealEditor","117368:639247875957124820","Sample","698.468750","4253552640","3534131200",""
"196","2026-09-12T05:32:08.5957420Z","332.858703","3024","117368","EpicWebHelper.exe","3024:639247876215207150","Sample","13.187500","161488896","130973696",""
"196","2026-09-12T05:32:08.6177309Z","332.880684","17692","117368","EpicWebHelper.exe","17692:639247876215552910","Sample","0.359375","168816640","21962752",""
"196","2026-09-12T05:32:08.6400929Z","332.903047","18900","117368","EpicWebHelper.exe","18900:639247877401912320","Sample","0.078125","38825984","24297472",""
"197","2026-09-12T05:32:10.2184195Z","334.481390","124584","117368","EpicWebHelper.exe","124584:639247876215723220","Sample","0.125000","155185152","19406848",""
"197","2026-09-12T05:32:10.2402696Z","334.503244","117368","27016","UnrealEditor","117368:639247875957124820","Sample","702.687500","4253552640","3534131200",""
"197","2026-09-12T05:32:10.2616786Z","334.524647","3024","117368","EpicWebHelper.exe","3024:639247876215207150","Sample","13.187500","161488896","130973696",""
"197","2026-09-12T05:32:10.2840512Z","334.547024","17692","117368","EpicWebHelper.exe","17692:639247876215552910","Sample","0.359375","168783872","21921792",""
"197","2026-09-12T05:32:10.3060650Z","334.569035","18900","117368","EpicWebHelper.exe","18900:639247877401912320","Sample","0.078125","38825984","24297472",""
"198","2026-09-12T05:32:11.8348683Z","336.097853","124584","117368","EpicWebHelper.exe","124584:639247876215723220","Sample","0.125000","155185152","19406848",""
"198","2026-09-12T05:32:11.8572803Z","336.120281","117368","27016","UnrealEditor","117368:639247875957124820","Sample","706.640625","4253552640","3534131200",""
"198","2026-09-12T05:32:11.8802938Z","336.143278","3024","117368","EpicWebHelper.exe","3024:639247876215207150","Sample","13.187500","161488896","130973696",""
"198","2026-09-12T05:32:11.9024670Z","336.165452","17692","117368","EpicWebHelper.exe","17692:639247876215552910","Sample","0.359375","168783872","21921792",""
"198","2026-09-12T05:32:11.9257092Z","336.188695","18900","117368","EpicWebHelper.exe","18900:639247877401912320","Sample","0.078125","38825984","24297472",""
"199","2026-09-12T05:32:13.4449924Z","337.707992","124584","117368","EpicWebHelper.exe","124584:639247876215723220","Sample","0.125000","155185152","19406848",""
"199","2026-09-12T05:32:13.4678010Z","337.730801","117368","27016","UnrealEditor","117368:639247875957124820","Sample","710.546875","4253552640","3534131200",""
"199","2026-09-12T05:32:13.4901070Z","337.753112","3024","117368","EpicWebHelper.exe","3024:639247876215207150","Sample","13.187500","161488896","130973696",""
"199","2026-09-12T05:32:13.5123628Z","337.775361","17692","117368","EpicWebHelper.exe","17692:639247876215552910","Sample","0.359375","168783872","21921792",""
"199","2026-09-12T05:32:13.5345629Z","337.797566","18900","117368","EpicWebHelper.exe","18900:639247877401912320","Sample","0.078125","38825984","24297472",""
"200","2026-09-12T05:32:15.0444189Z","339.307433","124584","117368","EpicWebHelper.exe","124584:639247876215723220","Sample","0.125000","155185152","19406848",""
"200","2026-09-12T05:32:15.0658322Z","339.328849","117368","27016","UnrealEditor","117368:639247875957124820","Sample","714.375000","4253552640","3534131200",""
"200","2026-09-12T05:32:15.0878640Z","339.350881","3024","117368","EpicWebHelper.exe","3024:639247876215207150","Sample","13.187500","161488896","130973696",""
"200","2026-09-12T05:32:15.1089088Z","339.371924","17692","117368","EpicWebHelper.exe","17692:639247876215552910","Sample","0.359375","168783872","21921792",""
"200","2026-09-12T05:32:15.1306229Z","339.393640","18900","117368","EpicWebHelper.exe","18900:639247877401912320","Sample","0.078125","38825984","24297472",""
"201","2026-09-12T05:32:16.6508353Z","340.913865","124584","117368","EpicWebHelper.exe","124584:639247876215723220","Sample","0.125000","155185152","19406848",""
"201","2026-09-12T05:32:16.6724461Z","340.935477","117368","27016","UnrealEditor","117368:639247875957124820","Sample","718.625000","4253552640","3534131200",""
"201","2026-09-12T05:32:16.6946576Z","340.957704","3024","117368","EpicWebHelper.exe","3024:639247876215207150","Sample","13.187500","161488896","130973696",""
"201","2026-09-12T05:32:16.7166608Z","340.979692","17692","117368","EpicWebHelper.exe","17692:639247876215552910","Sample","0.359375","168783872","21921792",""
"201","2026-09-12T05:32:16.7385029Z","341.001534","18900","117368","EpicWebHelper.exe","18900:639247877401912320","Sample","0.078125","38825984","24297472",""
"202","2026-09-12T05:32:18.3998615Z","342.662908","124584","117368","EpicWebHelper.exe","124584:639247876215723220","Sample","0.125000","155185152","19406848",""
"202","2026-09-12T05:32:18.4217206Z","342.684768","117368","27016","UnrealEditor","117368:639247875957124820","Sample","723.265625","4253552640","3534131200",""
"202","2026-09-12T05:32:18.4439151Z","342.706964","3024","117368","EpicWebHelper.exe","3024:639247876215207150","Sample","13.187500","161488896","130973696",""
"202","2026-09-12T05:32:18.4675160Z","342.730568","17692","117368","EpicWebHelper.exe","17692:639247876215552910","Sample","0.359375","168783872","21921792",""
"202","2026-09-12T05:32:18.4909410Z","342.753990","18900","117368","EpicWebHelper.exe","18900:639247877401912320","Sample","0.078125","38825984","24297472",""
"203","2026-09-12T05:32:20.0886444Z","344.351709","124584","117368","EpicWebHelper.exe","124584:639247876215723220","Sample","0.125000","155185152","19406848",""
"203","2026-09-12T05:32:20.1106007Z","344.373664","117368","27016","UnrealEditor","117368:639247875957124820","Sample","727.703125","4253552640","3534131200",""
"203","2026-09-12T05:32:20.1328150Z","344.395880","3024","117368","EpicWebHelper.exe","3024:639247876215207150","Sample","13.187500","161488896","130973696",""
"203","2026-09-12T05:32:20.1544380Z","344.417502","17692","117368","EpicWebHelper.exe","17692:639247876215552910","Sample","0.359375","168783872","21921792",""
"203","2026-09-12T05:32:20.1762068Z","344.439271","18900","117368","EpicWebHelper.exe","18900:639247877401912320","Sample","0.078125","38825984","24297472",""
"204","2026-09-12T05:32:21.7168837Z","345.979963","124584","117368","EpicWebHelper.exe","124584:639247876215723220","Sample","0.125000","155185152","19406848",""
"204","2026-09-12T05:32:21.7388125Z","346.001892","117368","27016","UnrealEditor","117368:639247875957124820","Sample","731.750000","4253552640","3534131200",""
"204","2026-09-12T05:32:21.7616848Z","346.024766","3024","117368","EpicWebHelper.exe","3024:639247876215207150","Sample","13.187500","161488896","130973696",""
"204","2026-09-12T05:32:21.7808839Z","346.043964","17692","117368","EpicWebHelper.exe","17692:639247876215552910","Sample","0.359375","168783872","21921792",""
"204","2026-09-12T05:32:21.8045197Z","346.067601","18900","117368","EpicWebHelper.exe","18900:639247877401912320","Sample","0.078125","38825984","24297472",""
"205","2026-09-12T05:32:23.3465469Z","347.609644","124584","117368","EpicWebHelper.exe","124584:639247876215723220","Sample","0.125000","155185152","19406848",""
"205","2026-09-12T05:32:23.3691625Z","347.632256","117368","27016","UnrealEditor","117368:639247875957124820","Sample","735.812500","4253552640","3534131200",""
"205","2026-09-12T05:32:23.3905326Z","347.653628","3024","117368","EpicWebHelper.exe","3024:639247876215207150","Sample","13.187500","161488896","130973696",""
"205","2026-09-12T05:32:23.4125466Z","347.675642","17692","117368","EpicWebHelper.exe","17692:639247876215552910","Sample","0.359375","168783872","21921792",""
"205","2026-09-12T05:32:23.4344245Z","347.697520","18900","117368","EpicWebHelper.exe","18900:639247877401912320","Sample","0.078125","38825984","24297472",""
"206","2026-09-12T05:32:24.9529173Z","349.216028","124584","117368","EpicWebHelper.exe","124584:639247876215723220","Sample","0.125000","155185152","19406848",""
"206","2026-09-12T05:32:24.9774078Z","349.240522","117368","27016","UnrealEditor","117368:639247875957124820","Sample","739.765625","4253552640","3534131200",""
"206","2026-09-12T05:32:25.0002580Z","349.263372","3024","117368","EpicWebHelper.exe","3024:639247876215207150","Sample","13.187500","161488896","130973696",""
"206","2026-09-12T05:32:25.0225901Z","349.285705","17692","117368","EpicWebHelper.exe","17692:639247876215552910","Sample","0.359375","168783872","21921792",""
"206","2026-09-12T05:32:25.0456185Z","349.308730","18900","117368","EpicWebHelper.exe","18900:639247877401912320","Sample","0.078125","38825984","24297472",""
"207","2026-09-12T05:32:26.6153301Z","350.878455","124584","117368","EpicWebHelper.exe","124584:639247876215723220","Sample","0.125000","155185152","19406848",""
"207","2026-09-12T05:32:26.6367523Z","350.899878","117368","27016","UnrealEditor","117368:639247875957124820","Sample","744.031250","4253552640","3534131200",""
"207","2026-09-12T05:32:26.6595834Z","350.922710","3024","117368","EpicWebHelper.exe","3024:639247876215207150","Sample","13.187500","161488896","130973696",""
"207","2026-09-12T05:32:26.6818958Z","350.945023","17692","117368","EpicWebHelper.exe","17692:639247876215552910","Sample","0.359375","168783872","21921792",""
"207","2026-09-12T05:32:26.7039323Z","350.967060","18900","117368","EpicWebHelper.exe","18900:639247877401912320","Sample","0.078125","38825984","24297472",""
"208","2026-09-12T05:32:28.2696415Z","352.532785","124584","117368","EpicWebHelper.exe","124584:639247876215723220","Sample","0.125000","155185152","19406848",""
"208","2026-09-12T05:32:28.2949402Z","352.558096","117368","27016","UnrealEditor","117368:639247875957124820","Sample","748.515625","4253552640","3534131200",""
"208","2026-09-12T05:32:28.3180455Z","352.581187","3024","117368","EpicWebHelper.exe","3024:639247876215207150","Sample","13.187500","161488896","130973696",""
"208","2026-09-12T05:32:28.3411433Z","352.604288","17692","117368","EpicWebHelper.exe","17692:639247876215552910","Sample","0.359375","168783872","21921792",""
"208","2026-09-12T05:32:28.3638242Z","352.626967","18900","117368","EpicWebHelper.exe","18900:639247877401912320","Sample","0.078125","38825984","24297472",""
"209","2026-09-12T05:32:29.9636704Z","354.226830","124584","117368","EpicWebHelper.exe","124584:639247876215723220","Sample","0.125000","155185152","19406848",""
"209","2026-09-12T05:32:29.9880851Z","354.251244","117368","27016","UnrealEditor","117368:639247875957124820","Sample","752.734375","4253552640","3534131200",""
"209","2026-09-12T05:32:30.0128094Z","354.275968","3024","117368","EpicWebHelper.exe","3024:639247876215207150","Sample","13.187500","161488896","130973696",""
"209","2026-09-12T05:32:30.0358205Z","354.298984","17692","117368","EpicWebHelper.exe","17692:639247876215552910","Sample","0.359375","168771584","21921792",""
"209","2026-09-12T05:32:30.0594675Z","354.322626","18900","117368","EpicWebHelper.exe","18900:639247877401912320","Sample","0.078125","38825984","24297472",""
"210","2026-09-12T05:32:31.5677335Z","355.830904","124584","117368","EpicWebHelper.exe","124584:639247876215723220","Exited",,,,""
"210","2026-09-12T05:32:31.5685555Z","355.831723","117368","27016","UnrealEditor","117368:639247875957124820","SampleFailed",,,,"Cannot find a process with the process identifier 117368."
"210","2026-09-12T05:32:31.5685975Z","355.831763","3024","117368","EpicWebHelper.exe","3024:639247876215207150","Exited",,,,""
"210","2026-09-12T05:32:31.5686097Z","355.831775","17692","117368","EpicWebHelper.exe","17692:639247876215552910","Exited",,,,""
"210","2026-09-12T05:32:31.5686200Z","355.831785","18900","117368","EpicWebHelper.exe","18900:639247877401912320","Exited",,,,""
"211","2026-09-12T05:32:32.9097536Z","357.172939","117368","27016","UnrealEditor","117368:639247875957124820","Exited",,,,""
