"sample_index","timestamp_utc","elapsed_seconds","pid","parent_pid","process_name","instance_key","event","cpu_total_seconds","working_set_bytes","private_bytes","error"
"1","2026-09-12T05:20:17.4984587Z","1.807417","94956","85692","conhost.exe","94956:639247872168408190","SampleFailed",,,,"Cannot find a process with the process identifier 94956."
"1","2026-09-12T05:20:17.5045962Z","1.812199","85692","14372","UnrealTraceServer.exe","85692:639247872168223100","SampleFailed",,,,"Cannot find a process with the process identifier 85692."
"1","2026-09-12T05:20:17.5399219Z","1.847541","14372","65944","UnrealEditor","14372:639247872156630390","New","1.468750","397746176","405946368",""
"2","2026-09-12T05:20:19.2215491Z","3.529187","94956","85692","conhost.exe","94956:639247872168408190","Exited",,,,""
"2","2026-09-12T05:20:19.2218321Z","3.529450","85692","14372","UnrealTraceServer.exe","85692:639247872168223100","Exited",,,,""
"2","2026-09-12T05:20:19.2479286Z","3.555561","14372","65944","UnrealEditor","14372:639247872156630390","Sample","2.156250","767262720","809627648",""
"3","2026-09-12T05:20:20.8913567Z","5.199024","14372","65944","UnrealEditor","14372:639247872156630390","Sample","3.250000","913592320","1198878720",""
"4","2026-09-12T05:20:22.3959656Z","6.703629","46004","14372","zenserver.exe","46004:639247872218402360","New","0.156250","22781952","17477632",""
"4","2026-09-12T05:20:22.4161708Z","6.723831","14372","65944","UnrealEditor","14372:639247872156630390","Sample","3.703125","980164608","1271775232",""
"5","2026-09-12T05:20:23.8125610Z","8.120237","102480","46004","crashpad_handler.exe","102480:639247872220006830","New","0.031250","9854976","1642496",""
"5","2026-09-12T05:20:23.8358392Z","8.143513","46004","14372","zenserver.exe","46004:639247872218402360","Sample","0.156250","22773760","17465344",""
"5","2026-09-12T05:20:23.8581650Z","8.165842","14372","65944","UnrealEditor","14372:639247872156630390","Sample","3.703125","980164608","1259032576",""
"6","2026-09-12T05:20:25.4116095Z","9.719301","102480","46004","crashpad_handler.exe","102480:639247872220006830","Sample","0.031250","9854976","1642496",""
"6","2026-09-12T05:20:25.4346118Z","9.742303","46004","14372","zenserver.exe","46004:639247872218402360","Sample","0.656250","52252672","210341888",""
"6","2026-09-12T05:20:25.4575101Z","9.765205","14372","65944","UnrealEditor","14372:639247872156630390","Sample","8.828125","1214164992","1579098112",""
"7","2026-09-12T05:20:27.0884459Z","11.396155","102480","46004","crashpad_handler.exe","102480:639247872220006830","Sample","0.031250","9854976","1642496",""
"7","2026-09-12T05:20:27.1123250Z","11.420044","46004","14372","zenserver.exe","46004:639247872218402360","Sample","0.687500","54796288","222117888",""
"7","2026-09-12T05:20:27.1367369Z","11.444449","14372","65944","UnrealEditor","14372:639247872156630390","Sample","10.843750","1498103808","1874759680",""
"8","2026-09-12T05:20:28.6694278Z","12.977162","102480","46004","crashpad_handler.exe","102480:639247872220006830","Sample","0.031250","9854976","1642496",""
"8","2026-09-12T05:20:28.6915712Z","12.999296","46004","14372","zenserver.exe","46004:639247872218402360","Sample","0.687500","54800384","222117888",""
"8","2026-09-12T05:20:28.7150904Z","13.022814","14372","65944","UnrealEditor","14372:639247872156630390","Sample","11.484375","1698172928","1995022336",""
"9","2026-09-12T05:20:30.2810901Z","14.588830","102480","46004","crashpad_handler.exe","102480:639247872220006830","Sample","0.031250","9854976","1642496",""
"9","2026-09-12T05:20:30.3034066Z","14.611148","46004","14372","zenserver.exe","46004:639247872218402360","Sample","0.703125","54816768","222121984",""
"9","2026-09-12T05:20:30.3255534Z","14.633298","14372","65944","UnrealEditor","14372:639247872156630390","Sample","13.093750","1931735040","2185199616",""
"10","2026-09-12T05:20:31.9538854Z","16.261644","102480","46004","crashpad_handler.exe","102480:639247872220006830","Sample","0.031250","9854976","1642496",""
"10","2026-09-12T05:20:31.9761145Z","16.283875","46004","14372","zenserver.exe","46004:639247872218402360","Sample","0.703125","54829056","222117888",""
"10","2026-09-12T05:20:32.0001515Z","16.307911","14372","65944","UnrealEditor","14372:639247872156630390","Sample","18.468750","2444488704","2841718784",""
"11","2026-09-12T05:20:33.5915423Z","17.899396","102480","46004","crashpad_handler.exe","102480:639247872220006830","Sample","0.031250","9854976","1642496",""
"11","2026-09-12T05:20:33.6155592Z","17.923334","46004","14372","zenserver.exe","46004:639247872218402360","Sample","0.703125","54833152","222117888",""
"11","2026-09-12T05:20:33.6422560Z","17.950034","14372","65944","UnrealEditor","14372:639247872156630390","Sample","20.734375","2832388096","3470823424",""
"12","2026-09-12T05:20:35.3175854Z","19.625376","102480","46004","crashpad_handler.exe","102480:639247872220006830","Sample","0.031250","9854976","1642496",""
"12","2026-09-12T05:20:35.3380271Z","19.645818","46004","14372","zenserver.exe","46004:639247872218402360","Sample","0.703125","55386112","222904320",""
"12","2026-09-12T05:20:35.3624029Z","19.670194","14372","65944","UnrealEditor","14372:639247872156630390","Sample","24.218750","3250229248","3831164928",""
"13","2026-09-12T05:20:36.9791714Z","21.287009","102480","46004","crashpad_handler.exe","102480:639247872220006830","Sample","0.031250","9854976","1642496",""
"13","2026-09-12T05:20:37.0046712Z","21.312480","46004","14372","zenserver.exe","46004:639247872218402360","Sample","0.703125","55431168","223186944",""
"13","2026-09-12T05:20:37.0270077Z","21.334816","14372","65944","UnrealEditor","14372:639247872156630390","Sample","26.703125","3253215232","3831889920",""
"14","2026-09-12T05:20:38.6411685Z","22.948992","102480","46004","crashpad_handler.exe","102480:639247872220006830","Sample","0.031250","9854976","1642496",""
"14","2026-09-12T05:20:38.6638941Z","22.971721","46004","14372","zenserver.exe","46004:639247872218402360","Sample","0.718750","55435264","223248384",""
"14","2026-09-12T05:20:38.6875518Z","22.995376","14372","65944","UnrealEditor","14372:639247872156630390","Sample","29.546875","3256619008","3738103808",""
"15","2026-09-12T05:20:40.2549108Z","24.562750","102480","46004","crashpad_handler.exe","102480:639247872220006830","Sample","0.031250","9854976","1642496",""
"15","2026-09-12T05:20:40.2786326Z","24.586473","46004","14372","zenserver.exe","46004:639247872218402360","Sample","0.718750","55463936","223248384",""
"15","2026-09-12T05:20:40.3031191Z","24.610960","14372","65944","UnrealEditor","14372:639247872156630390","Sample","32.109375","3259920384","3739287552",""
"16","2026-09-12T05:20:41.8951152Z","26.202973","102480","46004","crashpad_handler.exe","102480:639247872220006830","Sample","0.031250","9854976","1642496",""
"16","2026-09-12T05:20:41.9185623Z","26.226436","46004","14372","zenserver.exe","46004:639247872218402360","Sample","0.718750","55496704","223252480",""
"16","2026-09-12T05:20:41.9427987Z","26.250658","14372","65944","UnrealEditor","14372:639247872156630390","Sample","34.562500","3262365696","3739287552",""
"17","2026-09-12T05:20:43.5172570Z","27.825131","102480","46004","crashpad_handler.exe","102480:639247872220006830","Sample","0.031250","9854976","1642496",""
"17","2026-09-12T05:20:43.5396587Z","27.847533","46004","14372","zenserver.exe","46004:639247872218402360","Sample","0.734375","55504896","223383552",""
"17","2026-09-12T05:20:43.5632789Z","27.871154","14372","65944","UnrealEditor","14372:639247872156630390","Sample","37.031250","3264749568","3739287552",""
"18","2026-09-12T05:20:45.1371833Z","29.445075","102480","46004","crashpad_handler.exe","102480:639247872220006830","Sample","0.031250","9854976","1642496",""
"18","2026-09-12T05:20:45.1597717Z","29.467662","46004","14372","zenserver.exe","46004:639247872218402360","Sample","0.750000","55500800","223379456",""
"18","2026-09-12T05:20:45.1854150Z","29.493307","14372","65944","UnrealEditor","14372:639247872156630390","Sample","38.312500","3279699968","3766734848",""
"19","2026-09-12T05:20:46.9328296Z","31.240740","102480","46004","crashpad_handler.exe","102480:639247872220006830","Sample","0.031250","9854976","1642496",""
"19","2026-09-12T05:20:46.9555176Z","31.263432","102484","14372","EpicWebHelper.exe","102484:639247872454443300","New","0.250000","87404544","93790208",""
"19","2026-09-12T05:20:46.9796149Z","31.287526","14372","65944","UnrealEditor","14372:639247872156630390","Sample","41.265625","3384197120","3805679616",""
"19","2026-09-12T05:20:47.0023673Z","31.310277","90976","14372","EpicWebHelper.exe","90976:639247872455514780","New","0.125000","62205952","28569600",""
"19","2026-09-12T05:20:47.0233015Z","31.331212","51796","14372","EpicWebHelper.exe","51796:639247872455315220","New","0.062500","38944768","24436736",""
"19","2026-09-12T05:20:47.0472211Z","31.355135","117716","14372","EpicWebHelper.exe","117716:639247872454980310","New","0.046875","28708864","19472384",""
"19","2026-09-12T05:20:47.0701368Z","31.378052","46004","14372","zenserver.exe","46004:639247872218402360","Sample","0.765625","55500800","223379456",""
"19","2026-09-12T05:20:47.0940764Z","31.401989","120408","14372","EpicWebHelper.exe","120408:639247872454799320","New","0.156250","41238528","21815296",""
"20","2026-09-12T05:20:48.7104847Z","33.018413","102480","46004","crashpad_handler.exe","102480:639247872220006830","Sample","0.031250","9854976","1642496",""
"20","2026-09-12T05:20:48.7354615Z","33.043413","102484","14372","EpicWebHelper.exe","102484:639247872454443300","Sample","0.250000","88662016","94875648",""
"20","2026-09-12T05:20:48.7604121Z","33.068339","14372","65944","UnrealEditor","14372:639247872156630390","Sample","44.328125","3393458176","3808825344",""
"20","2026-09-12T05:20:48.7849647Z","33.092898","90976","14372","EpicWebHelper.exe","90976:639247872455514780","Sample","0.187500","64438272","30011392",""
"20","2026-09-12T05:20:48.8085105Z","33.116440","51796","14372","EpicWebHelper.exe","51796:639247872455315220","Sample","0.062500","38944768","24436736",""
"20","2026-09-12T05:20:48.8324887Z","33.140417","117716","14372","EpicWebHelper.exe","117716:639247872454980310","Sample","0.046875","28708864","19472384",""
"20","2026-09-12T05:20:48.8575714Z","33.165500","46004","14372","zenserver.exe","46004:639247872218402360","Sample","0.796875","55537664","223444992",""
"20","2026-09-12T05:20:48.8809548Z","33.188884","120408","14372","EpicWebHelper.exe","120408:639247872454799320","Sample","0.156250","41279488","21831680",""
"21","2026-09-12T05:20:50.4788909Z","34.786836","102480","46004","crashpad_handler.exe","102480:639247872220006830","Sample","0.031250","9854976","1642496",""
"21","2026-09-12T05:20:50.5014611Z","34.809408","102484","14372","EpicWebHelper.exe","102484:639247872454443300","Sample","0.250000","90009600","96215040",""
"21","2026-09-12T05:20:50.5251224Z","34.833068","14372","65944","UnrealEditor","14372:639247872156630390","Sample","47.343750","3396153344","3808845824",""
"21","2026-09-12T05:20:50.5484341Z","34.856380","90976","14372","EpicWebHelper.exe","90976:639247872455514780","Sample","0.265625","67264512","33341440",""
"21","2026-09-12T05:20:50.5707144Z","34.878677","51796","14372","EpicWebHelper.exe","51796:639247872455315220","Sample","0.062500","38944768","24436736",""
"21","2026-09-12T05:20:50.5940839Z","34.902030","117716","14372","EpicWebHelper.exe","117716:639247872454980310","Sample","0.046875","28708864","19472384",""
"21","2026-09-12T05:20:50.6178171Z","34.925764","46004","14372","zenserver.exe","46004:639247872218402360","Sample","0.796875","55537664","223444992",""
"21","2026-09-12T05:20:50.6409852Z","34.948937","120408","14372","EpicWebHelper.exe","120408:639247872454799320","Sample","0.156250","41361408","21848064",""
"22","2026-09-12T05:20:52.2530927Z","36.561056","102480","46004","crashpad_handler.exe","102480:639247872220006830","Sample","0.031250","9797632","1544192",""
"22","2026-09-12T05:20:52.2761380Z","36.584102","102484","14372","EpicWebHelper.exe","102484:639247872454443300","Sample","0.265625","90181632","96399360",""
"22","2026-09-12T05:20:52.2999792Z","36.607942","14372","65944","UnrealEditor","14372:639247872156630390","Sample","49.921875","3398479872","3808571392",""
"22","2026-09-12T05:20:52.3230390Z","36.631003","90976","14372","EpicWebHelper.exe","90976:639247872455514780","Sample","0.343750","68907008","35119104",""
"22","2026-09-12T05:20:52.3460598Z","36.654025","51796","14372","EpicWebHelper.exe","51796:639247872455315220","Sample","0.062500","38957056","24436736",""
"22","2026-09-12T05:20:52.3689557Z","36.676920","117716","14372","EpicWebHelper.exe","117716:639247872454980310","Sample","0.046875","28708864","19472384",""
"22","2026-09-12T05:20:52.3930983Z","36.701063","46004","14372","zenserver.exe","46004:639247872218402360","Sample","0.796875","55476224","223350784",""
"22","2026-09-12T05:20:52.4160269Z","36.723992","120408","14372","EpicWebHelper.exe","120408:639247872454799320","Sample","0.156250","41373696","21852160",""
"23","2026-09-12T05:20:53.9858966Z","38.293877","102480","46004","crashpad_handler.exe","102480:639247872220006830","Sample","0.031250","9797632","1544192",""
"23","2026-09-12T05:20:54.0085021Z","38.316485","102484","14372","EpicWebHelper.exe","102484:639247872454443300","Sample","0.265625","90611712","96825344",""
"23","2026-09-12T05:20:54.0324573Z","38.340439","14372","65944","UnrealEditor","14372:639247872156630390","Sample","52.593750","3402354688","3811082240",""
"23","2026-09-12T05:20:54.0562340Z","38.364218","90976","14372","EpicWebHelper.exe","90976:639247872455514780","Sample","0.453125","71323648","36691968",""
"23","2026-09-12T05:20:54.0783026Z","38.386285","51796","14372","EpicWebHelper.exe","51796:639247872455315220","Sample","0.062500","38957056","24436736",""
"23","2026-09-12T05:20:54.1005672Z","38.408550","117716","14372","EpicWebHelper.exe","117716:639247872454980310","Sample","0.046875","28708864","19472384",""
"23","2026-09-12T05:20:54.1243879Z","38.432371","46004","14372","zenserver.exe","46004:639247872218402360","Sample","0.828125","55476224","223350784",""
"23","2026-09-12T05:20:54.1471328Z","38.455122","120408","14372","EpicWebHelper.exe","120408:639247872454799320","Sample","0.203125","41410560","21807104",""
"24","2026-09-12T05:20:55.7630800Z","40.071081","102480","46004","crashpad_handler.exe","102480:639247872220006830","Sample","0.031250","9797632","1544192",""
"24","2026-09-12T05:20:55.7832820Z","40.091283","102484","14372","EpicWebHelper.exe","102484:639247872454443300","Sample","0.265625","90914816","97128448",""
"24","2026-09-12T05:20:55.8073291Z","40.115328","14372","65944","UnrealEditor","14372:639247872156630390","Sample","55.062500","3404935168","3811119104",""
"24","2026-09-12T05:20:55.8314007Z","40.139402","90976","14372","EpicWebHelper.exe","90976:639247872455514780","Sample","0.546875","72695808","37777408",""
"24","2026-09-12T05:20:55.8554770Z","40.163479","51796","14372","EpicWebHelper.exe","51796:639247872455315220","Sample","0.062500","38912000","24367104",""
"24","2026-09-12T05:20:55.8783054Z","40.186306","117716","14372","EpicWebHelper.exe","117716:639247872454980310","Sample","0.046875","28721152","19480576",""
"24","2026-09-12T05:20:55.9030667Z","40.211068","46004","14372","zenserver.exe","46004:639247872218402360","Sample","0.906250","55492608","223358976",""
"24","2026-09-12T05:20:55.9271233Z","40.235125","120408","14372","EpicWebHelper.exe","120408:639247872454799320","Sample","0.203125","41443328","21843968",""
"25","2026-09-12T05:20:57.5166564Z","41.824675","102480","46004","crashpad_handler.exe","102480:639247872220006830","Sample","0.031250","9797632","1544192",""
"25","2026-09-12T05:20:57.5418118Z","41.849831","102484","14372","EpicWebHelper.exe","102484:639247872454443300","Sample","0.281250","89698304","95961088",""
"25","2026-09-12T05:20:57.5658773Z","41.873896","14372","65944","UnrealEditor","14372:639247872156630390","Sample","58.015625","3421995008","3821387776",""
"25","2026-09-12T05:20:57.5902503Z","41.898269","90976","14372","EpicWebHelper.exe","90976:639247872455514780","Sample","0.625000","73789440","39088128",""
"25","2026-09-12T05:20:57.6151941Z","41.923213","51796","14372","EpicWebHelper.exe","51796:639247872455315220","Sample","0.062500","38912000","24367104",""
"25","2026-09-12T05:20:57.6411744Z","41.949196","117716","14372","EpicWebHelper.exe","117716:639247872454980310","Sample","0.046875","28721152","19480576",""
"25","2026-09-12T05:20:57.6678885Z","41.975908","46004","14372","zenserver.exe","46004:639247872218402360","Sample","0.921875","55488512","223354880",""
"25","2026-09-12T05:20:57.6917239Z","41.999744","120408","14372","EpicWebHelper.exe","120408:639247872454799320","Sample","0.218750","41537536","21889024",""
"26","2026-09-12T05:20:59.3641452Z","43.672183","102480","46004","crashpad_handler.exe","102480:639247872220006830","Sample","0.031250","9797632","1544192",""
"26","2026-09-12T05:20:59.3880059Z","43.696042","102484","14372","EpicWebHelper.exe","102484:639247872454443300","Sample","0.281250","90882048","97136640",""
"26","2026-09-12T05:20:59.4106913Z","43.718727","14372","65944","UnrealEditor","14372:639247872156630390","Sample","60.968750","3423399936","3822194688",""
"26","2026-09-12T05:20:59.4344223Z","43.742460","90976","14372","EpicWebHelper.exe","90976:639247872455514780","Sample","0.750000","74649600","39452672",""
"26","2026-09-12T05:20:59.4586141Z","43.766652","51796","14372","EpicWebHelper.exe","51796:639247872455315220","Sample","0.062500","38912000","24367104",""
"26","2026-09-12T05:20:59.4827057Z","43.790744","117716","14372","EpicWebHelper.exe","117716:639247872454980310","Sample","0.046875","28721152","19480576",""
"26","2026-09-12T05:20:59.5061790Z","43.814217","46004","14372","zenserver.exe","46004:639247872218402360","Sample","0.937500","55492608","223354880",""
"26","2026-09-12T05:20:59.5304158Z","43.838454","120408","14372","EpicWebHelper.exe","120408:639247872454799320","Sample","0.218750","41537536","21889024",""
"27","2026-09-12T05:21:01.1816136Z","45.489669","102480","46004","crashpad_handler.exe","102480:639247872220006830","Sample","0.031250","9797632","1544192",""
"27","2026-09-12T05:21:01.2061335Z","45.514196","102484","14372","EpicWebHelper.exe","102484:639247872454443300","Sample","0.296875","90886144","97140736",""
"27","2026-09-12T05:21:01.2292812Z","45.537338","14372","65944","UnrealEditor","14372:639247872156630390","Sample","63.671875","3423543296","3822194688",""
"27","2026-09-12T05:21:01.2529874Z","45.561045","90976","14372","EpicWebHelper.exe","90976:639247872455514780","Sample","0.859375","75481088","40026112",""
"27","2026-09-12T05:21:01.2767943Z","45.584850","51796","14372","EpicWebHelper.exe","51796:639247872455315220","Sample","0.062500","38912000","24367104",""
"27","2026-09-12T05:21:01.2997216Z","45.607778","117716","14372","EpicWebHelper.exe","117716:639247872454980310","Sample","0.046875","28721152","19480576",""
"27","2026-09-12T05:21:01.3233331Z","45.631391","46004","14372","zenserver.exe","46004:639247872218402360","Sample","0.937500","55492608","223354880",""
"27","2026-09-12T05:21:01.3464137Z","45.654470","120408","14372","EpicWebHelper.exe","120408:639247872454799320","Sample","0.218750","41553920","21889024",""
"28","2026-09-12T05:21:03.0669116Z","47.374986","102480","46004","crashpad_handler.exe","102480:639247872220006830","Sample","0.031250","9797632","1544192",""
"28","2026-09-12T05:21:03.0923981Z","47.400474","102484","14372","EpicWebHelper.exe","102484:639247872454443300","Sample","0.328125","90910720","97165312",""
"28","2026-09-12T05:21:03.1188670Z","47.426942","14372","65944","UnrealEditor","14372:639247872156630390","Sample","66.843750","3423592448","3822198784",""
"28","2026-09-12T05:21:03.1437564Z","47.451833","90976","14372","EpicWebHelper.exe","90976:639247872455514780","Sample","1.093750","78053376","42594304",""
"28","2026-09-12T05:21:03.1673181Z","47.475399","51796","14372","EpicWebHelper.exe","51796:639247872455315220","Sample","0.062500","38912000","24367104",""
"28","2026-09-12T05:21:03.1911872Z","47.499263","117716","14372","EpicWebHelper.exe","117716:639247872454980310","Sample","0.046875","28721152","19480576",""
"28","2026-09-12T05:21:03.2155950Z","47.523672","46004","14372","zenserver.exe","46004:639247872218402360","Sample","0.953125","55492608","223354880",""
"28","2026-09-12T05:21:03.2424269Z","47.550503","120408","14372","EpicWebHelper.exe","120408:639247872454799320","Sample","0.218750","41553920","21889024",""
"29","2026-09-12T05:21:04.8238400Z","49.131933","102480","46004","crashpad_handler.exe","102480:639247872220006830","Sample","0.031250","9797632","1544192",""
"29","2026-09-12T05:21:04.8469915Z","49.155085","102484","14372","EpicWebHelper.exe","102484:639247872454443300","Sample","0.359375","90910720","97165312",""
"29","2026-09-12T05:21:04.8709848Z","49.179080","14372","65944","UnrealEditor","14372:639247872156630390","Sample","69.812500","3420491776","3819053056",""
"29","2026-09-12T05:21:04.8951712Z","49.203264","90976","14372","EpicWebHelper.exe","90976:639247872455514780","Sample","1.187500","78614528","43151360",""
"29","2026-09-12T05:21:04.9202508Z","49.228345","51796","14372","EpicWebHelper.exe","51796:639247872455315220","Sample","0.062500","38912000","24367104",""
"29","2026-09-12T05:21:04.9436897Z","49.251786","117716","14372","EpicWebHelper.exe","117716:639247872454980310","Sample","0.046875","28721152","19480576",""
"29","2026-09-12T05:21:04.9672213Z","49.275317","46004","14372","zenserver.exe","46004:639247872218402360","Sample","0.968750","55496704","223358976",""
"29","2026-09-12T05:21:04.9919317Z","49.300026","120408","14372","EpicWebHelper.exe","120408:639247872454799320","Sample","0.218750","41553920","21889024",""
"30","2026-09-12T05:21:06.7500373Z","51.058149","102480","46004","crashpad_handler.exe","102480:639247872220006830","Sample","0.031250","9797632","1544192",""
"30","2026-09-12T05:21:06.7752038Z","51.083317","102484","14372","EpicWebHelper.exe","102484:639247872454443300","Sample","0.375000","90910720","97165312",""
"30","2026-09-12T05:21:06.8003686Z","51.108482","14372","65944","UnrealEditor","14372:639247872156630390","Sample","72.953125","3420704768","3819155456",""
"30","2026-09-12T05:21:06.8538826Z","51.161998","90976","14372","EpicWebHelper.exe","90976:639247872455514780","Sample","1.328125","79347712","43962368",""
"30","2026-09-12T05:21:06.9340605Z","51.242180","51796","14372","EpicWebHelper.exe","51796:639247872455315220","Sample","0.062500","38912000","24367104",""
"30","2026-09-12T05:21:06.9749924Z","51.283108","117716","14372","EpicWebHelper.exe","117716:639247872454980310","Sample","0.046875","28721152","19480576",""
"30","2026-09-12T05:21:07.0023084Z","51.310425","46004","14372","zenserver.exe","46004:639247872218402360","Sample","0.968750","55492608","223354880",""
"30","2026-09-12T05:21:07.0274267Z","51.335543","120408","14372","EpicWebHelper.exe","120408:639247872454799320","Sample","0.218750","41553920","21889024",""
"31","2026-09-12T05:21:08.9716788Z","53.279816","102480","46004","crashpad_handler.exe","102480:639247872220006830","Sample","0.031250","9797632","1544192",""
"31","2026-09-12T05:21:08.9973510Z","53.305487","102484","14372","EpicWebHelper.exe","102484:639247872454443300","Sample","0.421875","89767936","96006144",""
"31","2026-09-12T05:21:09.0232257Z","53.331364","14372","65944","UnrealEditor","14372:639247872156630390","Sample","77.250000","3420344320","3818635264",""
"31","2026-09-12T05:21:09.0505182Z","53.358655","90976","14372","EpicWebHelper.exe","90976:639247872455514780","Sample","1.515625","79958016","44650496",""
"31","2026-09-12T05:21:09.0767339Z","53.384871","51796","14372","EpicWebHelper.exe","51796:639247872455315220","Sample","0.062500","38912000","24367104",""
"31","2026-09-12T05:21:09.1010763Z","53.409214","117716","14372","EpicWebHelper.exe","117716:639247872454980310","Sample","0.046875","28721152","19480576",""
"31","2026-09-12T05:21:09.1259036Z","53.434041","46004","14372","zenserver.exe","46004:639247872218402360","Sample","1.000000","55521280","223358976",""
"31","2026-09-12T05:21:09.1516113Z","53.459749","120408","14372","EpicWebHelper.exe","120408:639247872454799320","Sample","0.218750","41553920","21889024",""
"32","2026-09-12T05:21:10.9666151Z","55.274772","102480","46004","crashpad_handler.exe","102480:639247872220006830","Sample","0.031250","9797632","1544192",""
"32","2026-09-12T05:21:10.9919150Z","55.300072","102484","14372","EpicWebHelper.exe","102484:639247872454443300","Sample","0.453125","89776128","96010240",""
"32","2026-09-12T05:21:11.0166006Z","55.324758","14372","65944","UnrealEditor","14372:639247872156630390","Sample","80.781250","3420364800","3818635264",""
"32","2026-09-12T05:21:11.0407924Z","55.348957","90976","14372","EpicWebHelper.exe","90976:639247872455514780","Sample","1.703125","80523264","45129728",""
"32","2026-09-12T05:21:11.0671630Z","55.375321","51796","14372","EpicWebHelper.exe","51796:639247872455315220","Sample","0.062500","38912000","24367104",""
"32","2026-09-12T05:21:11.0920207Z","55.400178","117716","14372","EpicWebHelper.exe","117716:639247872454980310","Sample","0.046875","28721152","19480576",""
"32","2026-09-12T05:21:11.1174348Z","55.425592","46004","14372","zenserver.exe","46004:639247872218402360","Sample","1.000000","55517184","223354880",""
"32","2026-09-12T05:21:11.1417370Z","55.449895","120408","14372","EpicWebHelper.exe","120408:639247872454799320","Sample","0.218750","41553920","21889024",""
"33","2026-09-12T05:21:12.9871271Z","57.295305","102480","46004","crashpad_handler.exe","102480:639247872220006830","Sample","0.031250","9797632","1544192",""
"33","2026-09-12T05:21:13.0143216Z","57.322501","102484","14372","EpicWebHelper.exe","102484:639247872454443300","Sample","0.500000","90947584","97185792",""
"33","2026-09-12T05:21:13.0393375Z","57.347522","14372","65944","UnrealEditor","14372:639247872156630390","Sample","84.156250","3420438528","3818655744",""
"33","2026-09-12T05:21:13.0635816Z","57.371760","90976","14372","EpicWebHelper.exe","90976:639247872455514780","Sample","1.828125","82046976","46538752",""
"33","2026-09-12T05:21:13.0880838Z","57.396262","51796","14372","EpicWebHelper.exe","51796:639247872455315220","Sample","0.062500","38912000","24367104",""
"33","2026-09-12T05:21:13.1127999Z","57.420978","117716","14372","EpicWebHelper.exe","117716:639247872454980310","Sample","0.046875","28721152","19480576",""
"33","2026-09-12T05:21:13.1397573Z","57.447938","46004","14372","zenserver.exe","46004:639247872218402360","Sample","1.015625","55521280","223354880",""
"33","2026-09-12T05:21:13.1632433Z","57.471431","120408","14372","EpicWebHelper.exe","120408:639247872454799320","Sample","0.218750","41553920","21889024",""
"34","2026-09-12T05:21:14.9488791Z","59.257078","102480","46004","crashpad_handler.exe","102480:639247872220006830","Sample","0.031250","9797632","1544192",""
"34","2026-09-12T05:21:14.9751228Z","59.283333","102484","14372","EpicWebHelper.exe","102484:639247872454443300","Sample","0.500000","90812416","97021952",""
"34","2026-09-12T05:21:15.0013299Z","59.309530","14372","65944","UnrealEditor","14372:639247872156630390","Sample","87.296875","3420467200","3818655744",""
"34","2026-09-12T05:21:15.0267197Z","59.334918","90976","14372","EpicWebHelper.exe","90976:639247872455514780","Sample","2.109375","82817024","47636480",""
"34","2026-09-12T05:21:15.0518972Z","59.360095","51796","14372","EpicWebHelper.exe","51796:639247872455315220","Sample","0.062500","38912000","24367104",""
"34","2026-09-12T05:21:15.0758688Z","59.384067","117716","14372","EpicWebHelper.exe","117716:639247872454980310","Sample","0.046875","28721152","19480576",""
"34","2026-09-12T05:21:15.0993637Z","59.407564","46004","14372","zenserver.exe","46004:639247872218402360","Sample","1.015625","55521280","223354880",""
"34","2026-09-12T05:21:15.1255501Z","59.433749","120408","14372","EpicWebHelper.exe","120408:639247872454799320","Sample","0.218750","41553920","21889024",""
"35","2026-09-12T05:21:16.8962567Z","61.204474","102480","46004","crashpad_handler.exe","102480:639247872220006830","Sample","0.031250","9797632","1544192",""
"35","2026-09-12T05:21:16.9197772Z","61.227995","102484","14372","EpicWebHelper.exe","102484:639247872454443300","Sample","0.531250","90828800","97013760",""
"35","2026-09-12T05:21:16.9432796Z","61.251497","14372","65944","UnrealEditor","14372:639247872156630390","Sample","90.406250","3420495872","3818549248",""
"35","2026-09-12T05:21:16.9680357Z","61.276255","90976","14372","EpicWebHelper.exe","90976:639247872455514780","Sample","2.265625","75493376","46428160",""
"35","2026-09-12T05:21:16.9930297Z","61.301250","51796","14372","EpicWebHelper.exe","51796:639247872455315220","Sample","0.062500","38912000","24367104",""
"35","2026-09-12T05:21:17.0200790Z","61.328298","117716","14372","EpicWebHelper.exe","117716:639247872454980310","Sample","0.046875","28663808","19374080",""
"35","2026-09-12T05:21:17.0447348Z","61.352954","46004","14372","zenserver.exe","46004:639247872218402360","Sample","1.031250","55529472","223358976",""
"35","2026-09-12T05:21:17.0680846Z","61.376304","120408","14372","EpicWebHelper.exe","120408:639247872454799320","Sample","0.218750","41390080","21733376",""
"36","2026-09-12T05:21:18.7075678Z","63.015803","102480","46004","crashpad_handler.exe","102480:639247872220006830","Sample","0.031250","9797632","1544192",""
"36","2026-09-12T05:21:18.7317601Z","63.039996","102484","14372","EpicWebHelper.exe","102484:639247872454443300","Sample","0.546875","89665536","95846400",""
"36","2026-09-12T05:21:18.7550203Z","63.063262","14372","65944","UnrealEditor","14372:639247872156630390","Sample","93.187500","3420626944","3818549248",""
"36","2026-09-12T05:21:18.7795472Z","63.087786","90976","14372","EpicWebHelper.exe","90976:639247872455514780","Sample","2.359375","74575872","48357376",""
"36","2026-09-12T05:21:18.8048156Z","63.113054","51796","14372","EpicWebHelper.exe","51796:639247872455315220","Sample","0.062500","38912000","24367104",""
"36","2026-09-12T05:21:18.8278911Z","63.136128","117716","14372","EpicWebHelper.exe","117716:639247872454980310","Sample","0.046875","28663808","19374080",""
"36","2026-09-12T05:21:18.8527095Z","63.160955","46004","14372","zenserver.exe","46004:639247872218402360","Sample","1.031250","55525376","223354880",""
"36","2026-09-12T05:21:18.8763350Z","63.184573","120408","14372","EpicWebHelper.exe","120408:639247872454799320","Sample","0.218750","41390080","21733376",""
"37","2026-09-12T05:21:20.5661743Z","64.874428","102480","46004","crashpad_handler.exe","102480:639247872220006830","Sample","0.031250","9797632","1544192",""
"37","2026-09-12T05:21:20.5912104Z","64.899467","102484","14372","EpicWebHelper.exe","102484:639247872454443300","Sample","0.593750","90828800","97013760",""
"37","2026-09-12T05:21:20.6161033Z","64.924360","14372","65944","UnrealEditor","14372:639247872156630390","Sample","96.437500","3420692480","3818549248",""
"37","2026-09-12T05:21:20.6408236Z","64.949080","90976","14372","EpicWebHelper.exe","90976:639247872455514780","Sample","2.500000","75145216","48361472",""
"37","2026-09-12T05:21:20.6671674Z","64.975425","51796","14372","EpicWebHelper.exe","51796:639247872455315220","Sample","0.062500","38912000","24367104",""
"37","2026-09-12T05:21:20.6914311Z","64.999687","117716","14372","EpicWebHelper.exe","117716:639247872454980310","Sample","0.046875","28663808","19374080",""
"37","2026-09-12T05:21:20.7156423Z","65.023898","46004","14372","zenserver.exe","46004:639247872218402360","Sample","1.046875","55525376","223354880",""
"37","2026-09-12T05:21:20.7394990Z","65.047756","120408","14372","EpicWebHelper.exe","120408:639247872454799320","Sample","0.218750","41390080","21733376",""
"38","2026-09-12T05:21:22.3911947Z","66.699468","102480","46004","crashpad_handler.exe","102480:639247872220006830","Sample","0.031250","9797632","1544192",""
"38","2026-09-12T05:21:22.4133291Z","66.721604","102484","14372","EpicWebHelper.exe","102484:639247872454443300","Sample","0.671875","87412736","95846400",""
"38","2026-09-12T05:21:22.4353040Z","66.743583","14372","65944","UnrealEditor","14372:639247872156630390","Sample","99.031250","3422781440","3821674496",""
"38","2026-09-12T05:21:22.4361198Z","66.744388","90976","14372","EpicWebHelper.exe","90976:639247872455514780","SampleFailed",,,,"Cannot find a process with the process identifier 90976."
"38","2026-09-12T05:21:22.4585614Z","66.766838","51796","14372","EpicWebHelper.exe","51796:639247872455315220","Sample","0.062500","38912000","24367104",""
"38","2026-09-12T05:21:22.4802632Z","66.788538","117716","14372","EpicWebHelper.exe","117716:639247872454980310","Sample","0.062500","28766208","19419136",""
"38","2026-09-12T05:21:22.5034140Z","66.811690","46004","14372","zenserver.exe","46004:639247872218402360","Sample","1.046875","55533568","223358976",""
"38","2026-09-12T05:21:22.5286625Z","66.836937","120408","14372","EpicWebHelper.exe","120408:639247872454799320","Sample","0.218750","41390080","21733376",""
"39","2026-09-12T05:21:24.1815560Z","68.489848","102480","46004","crashpad_handler.exe","102480:639247872220006830","Sample","0.031250","9797632","1544192",""
"39","2026-09-12T05:21:24.2059302Z","68.514223","102484","14372","EpicWebHelper.exe","102484:639247872454443300","Sample","0.687500","87412736","95846400",""
"39","2026-09-12T05:21:24.2295619Z","68.537856","14372","65944","UnrealEditor","14372:639247872156630390","Sample","101.968750","3429666816","3825848320",""
"39","2026-09-12T05:21:24.2296699Z","68.537955","90976","14372","EpicWebHelper.exe","90976:639247872455514780","Exited",,,,""
"39","2026-09-12T05:21:24.2552353Z","68.563530","51796","14372","EpicWebHelper.exe","51796:639247872455315220","Sample","0.062500","38912000","24367104",""
"39","2026-09-12T05:21:24.2791136Z","68.587407","117716","14372","EpicWebHelper.exe","117716:639247872454980310","Sample","0.062500","28766208","19419136",""
"39","2026-09-12T05:21:24.3036803Z","68.611973","46004","14372","zenserver.exe","46004:639247872218402360","Sample","1.062500","55533568","223354880",""
"39","2026-09-12T05:21:24.3270286Z","68.635323","120408","14372","EpicWebHelper.exe","120408:639247872454799320","Sample","0.218750","41390080","21733376",""
"40","2026-09-12T05:21:26.0413643Z","70.349677","102480","46004","crashpad_handler.exe","102480:639247872220006830","Sample","0.031250","9797632","1544192",""
"40","2026-09-12T05:21:26.0650826Z","70.373395","102484","14372","EpicWebHelper.exe","102484:639247872454443300","Sample","0.687500","87412736","95846400",""
"40","2026-09-12T05:21:26.0890104Z","70.397322","14372","65944","UnrealEditor","14372:639247872156630390","Sample","104.921875","3427332096","3825848320",""
"40","2026-09-12T05:21:26.1139665Z","70.422279","51796","14372","EpicWebHelper.exe","51796:639247872455315220","Sample","0.062500","38912000","24367104",""
"40","2026-09-12T05:21:26.1374195Z","70.445735","117716","14372","EpicWebHelper.exe","117716:639247872454980310","Sample","0.062500","28766208","19419136",""
"40","2026-09-12T05:21:26.1609164Z","70.469230","46004","14372","zenserver.exe","46004:639247872218402360","Sample","1.062500","55533568","223354880",""
"40","2026-09-12T05:21:26.1849989Z","70.493311","120408","14372","EpicWebHelper.exe","120408:639247872454799320","Sample","0.218750","41390080","21733376",""
"41","2026-09-12T05:21:27.8280106Z","72.136340","102480","46004","crashpad_handler.exe","102480:639247872220006830","Sample","0.031250","9797632","1544192",""
"41","2026-09-12T05:21:27.8533000Z","72.161631","102484","14372","EpicWebHelper.exe","102484:639247872454443300","Sample","0.687500","87412736","95846400",""
"41","2026-09-12T05:21:27.8773148Z","72.185646","14372","65944","UnrealEditor","14372:639247872156630390","Sample","107.578125","3427864576","3826249728",""
"41","2026-09-12T05:21:27.9014095Z","72.209740","51796","14372","EpicWebHelper.exe","51796:639247872455315220","Sample","0.062500","38912000","24367104",""
"41","2026-09-12T05:21:27.9259857Z","72.234316","117716","14372","EpicWebHelper.exe","117716:639247872454980310","Sample","0.062500","28766208","19419136",""
"41","2026-09-12T05:21:27.9497468Z","72.258078","46004","14372","zenserver.exe","46004:639247872218402360","Sample","1.078125","55537664","223358976",""
"41","2026-09-12T05:21:27.9727756Z","72.281108","120408","14372","EpicWebHelper.exe","120408:639247872454799320","Sample","0.218750","41390080","21733376",""
"42","2026-09-12T05:21:29.5503750Z","73.858722","102480","46004","crashpad_handler.exe","102480:639247872220006830","Sample","0.031250","9797632","1544192",""
"42","2026-09-12T05:21:29.5734049Z","73.881753","102484","14372","EpicWebHelper.exe","102484:639247872454443300","Sample","0.687500","87412736","95846400",""
"42","2026-09-12T05:21:29.5964449Z","73.904792","14372","65944","UnrealEditor","14372:639247872156630390","Sample","109.921875","3427135488","3823976448",""
"42","2026-09-12T05:21:29.6202508Z","73.928601","51796","14372","EpicWebHelper.exe","51796:639247872455315220","Sample","0.062500","38912000","24367104",""
"42","2026-09-12T05:21:29.6441582Z","73.952508","117716","14372","EpicWebHelper.exe","117716:639247872454980310","Sample","0.062500","28766208","19419136",""
"42","2026-09-12T05:21:29.6681549Z","73.976504","46004","14372","zenserver.exe","46004:639247872218402360","Sample","1.078125","55541760","223313920",""
"42","2026-09-12T05:21:29.6915172Z","73.999865","120408","14372","EpicWebHelper.exe","120408:639247872454799320","Sample","0.218750","41390080","21733376",""
"43","2026-09-12T05:21:31.2769413Z","75.585309","102480","46004","crashpad_handler.exe","102480:639247872220006830","Sample","0.031250","9797632","1544192",""
"43","2026-09-12T05:21:31.2999306Z","75.608296","102484","14372","EpicWebHelper.exe","102484:639247872454443300","Sample","0.718750","87412736","95846400",""
"43","2026-09-12T05:21:31.3241776Z","75.632543","14372","65944","UnrealEditor","14372:639247872156630390","Sample","112.687500","3427172352","3824242688",""
"43","2026-09-12T05:21:31.3468330Z","75.655201","51796","14372","EpicWebHelper.exe","51796:639247872455315220","Sample","0.062500","38912000","24367104",""
"43","2026-09-12T05:21:31.3705543Z","75.678922","117716","14372","EpicWebHelper.exe","117716:639247872454980310","Sample","0.062500","28766208","19419136",""
"43","2026-09-12T05:21:31.3957038Z","75.704071","46004","14372","zenserver.exe","46004:639247872218402360","Sample","1.093750","55545856","223318016",""
"43","2026-09-12T05:21:31.4231525Z","75.731520","120408","14372","EpicWebHelper.exe","120408:639247872454799320","Sample","0.218750","41390080","21733376",""
"44","2026-09-12T05:21:33.0065689Z","77.314954","102480","46004","crashpad_handler.exe","102480:639247872220006830","Sample","0.031250","9797632","1544192",""
"44","2026-09-12T05:21:33.0313260Z","77.339712","102484","14372","EpicWebHelper.exe","102484:639247872454443300","Sample","0.718750","87412736","95846400",""
"44","2026-09-12T05:21:33.0553234Z","77.363707","14372","65944","UnrealEditor","14372:639247872156630390","Sample","115.062500","3427328000","3824902144",""
"44","2026-09-12T05:21:33.0786543Z","77.387040","51796","14372","EpicWebHelper.exe","51796:639247872455315220","Sample","0.062500","38912000","24367104",""
"44","2026-09-12T05:21:33.1020933Z","77.410483","117716","14372","EpicWebHelper.exe","117716:639247872454980310","Sample","0.062500","28766208","19419136",""
"44","2026-09-12T05:21:33.1247829Z","77.433167","46004","14372","zenserver.exe","46004:639247872218402360","Sample","1.109375","55541760","223313920",""
"44","2026-09-12T05:21:33.1505319Z","77.458917","120408","14372","EpicWebHelper.exe","120408:639247872454799320","Sample","0.218750","41390080","21733376",""
"45","2026-09-12T05:21:34.7553339Z","79.063735","102480","46004","crashpad_handler.exe","102480:639247872220006830","Sample","0.031250","9797632","1544192",""
"45","2026-09-12T05:21:34.7804145Z","79.088817","102484","14372","EpicWebHelper.exe","102484:639247872454443300","Sample","0.718750","87412736","95846400",""
"45","2026-09-12T05:21:34.8053145Z","79.113716","14372","65944","UnrealEditor","14372:639247872156630390","Sample","118.046875","3427356672","3824902144",""
"45","2026-09-12T05:21:34.8293135Z","79.137717","51796","14372","EpicWebHelper.exe","51796:639247872455315220","Sample","0.062500","38912000","24367104",""
"45","2026-09-12T05:21:34.8532614Z","79.161664","117716","14372","EpicWebHelper.exe","117716:639247872454980310","Sample","0.062500","28766208","19419136",""
"45","2026-09-12T05:21:34.8773049Z","79.185708","46004","14372","zenserver.exe","46004:639247872218402360","Sample","1.109375","55541760","223313920",""
"45","2026-09-12T05:21:34.9010284Z","79.209433","120408","14372","EpicWebHelper.exe","120408:639247872454799320","Sample","0.218750","41390080","21733376",""
"46","2026-09-12T05:21:36.6093185Z","80.917746","102480","46004","crashpad_handler.exe","102480:639247872220006830","Sample","0.031250","9797632","1544192",""
"46","2026-09-12T05:21:36.6390545Z","80.947474","102484","14372","EpicWebHelper.exe","102484:639247872454443300","Sample","0.718750","87412736","95846400",""
"46","2026-09-12T05:21:36.6678932Z","80.976316","14372","65944","UnrealEditor","14372:639247872156630390","Sample","121.093750","3425972224","3823517696",""
"46","2026-09-12T05:21:36.6960738Z","81.004502","51796","14372","EpicWebHelper.exe","51796:639247872455315220","Sample","0.062500","38912000","24367104",""
"46","2026-09-12T05:21:36.7206966Z","81.029118","117716","14372","EpicWebHelper.exe","117716:639247872454980310","Sample","0.062500","28766208","19419136",""
"46","2026-09-12T05:21:36.7464804Z","81.054903","46004","14372","zenserver.exe","46004:639247872218402360","Sample","1.125000","55541760","223313920",""
"46","2026-09-12T05:21:36.7714208Z","81.079844","120408","14372","EpicWebHelper.exe","120408:639247872454799320","Sample","0.218750","41390080","21733376",""
"47","2026-09-12T05:21:38.5011381Z","82.809579","102480","46004","crashpad_handler.exe","102480:639247872220006830","Sample","0.031250","9797632","1544192",""
"47","2026-09-12T05:21:38.5253036Z","82.833751","102484","14372","EpicWebHelper.exe","102484:639247872454443300","Sample","0.718750","87412736","95846400",""
"47","2026-09-12T05:21:38.5517494Z","82.860192","14372","65944","UnrealEditor","14372:639247872156630390","Sample","124.843750","3425980416","3823517696",""
"47","2026-09-12T05:21:38.5777649Z","82.886206","51796","14372","EpicWebHelper.exe","51796:639247872455315220","Sample","0.062500","38912000","24367104",""
"47","2026-09-12T05:21:38.6007419Z","82.909184","117716","14372","EpicWebHelper.exe","117716:639247872454980310","Sample","0.062500","28766208","19419136",""
"47","2026-09-12T05:21:38.6241391Z","82.932580","46004","14372","zenserver.exe","46004:639247872218402360","Sample","1.125000","55541760","223313920",""
"47","2026-09-12T05:21:38.6477431Z","82.956184","120408","14372","EpicWebHelper.exe","120408:639247872454799320","Sample","0.218750","41390080","21733376",""
"48","2026-09-12T05:21:40.6206339Z","84.929097","102480","46004","crashpad_handler.exe","102480:639247872220006830","Sample","0.031250","9797632","1544192",""
"48","2026-09-12T05:21:40.6478086Z","84.956272","102484","14372","EpicWebHelper.exe","102484:639247872454443300","Sample","0.718750","87412736","95846400",""
"48","2026-09-12T05:21:40.6755811Z","84.984045","14372","65944","UnrealEditor","14372:639247872156630390","Sample","128.296875","3426082816","3823517696",""
"48","2026-09-12T05:21:40.7045053Z","85.012969","51796","14372","EpicWebHelper.exe","51796:639247872455315220","Sample","0.062500","38912000","24367104",""
"48","2026-09-12T05:21:40.7298893Z","85.038357","117716","14372","EpicWebHelper.exe","117716:639247872454980310","Sample","0.062500","28766208","19419136",""
"48","2026-09-12T05:21:40.7611635Z","85.069629","46004","14372","zenserver.exe","46004:639247872218402360","Sample","1.156250","55549952","223313920",""
"48","2026-09-12T05:21:40.7944654Z","85.102931","120408","14372","EpicWebHelper.exe","120408:639247872454799320","Sample","0.218750","41390080","21733376",""
"49","2026-09-12T05:21:42.9971538Z","87.305641","102480","46004","crashpad_handler.exe","102480:639247872220006830","Sample","0.031250","9797632","1544192",""
"49","2026-09-12T05:21:43.0258481Z","87.334335","102484","14372","EpicWebHelper.exe","102484:639247872454443300","Sample","0.718750","87412736","95846400",""
"49","2026-09-12T05:21:43.0546745Z","87.363164","14372","65944","UnrealEditor","14372:639247872156630390","Sample","132.500000","3426390016","3823648768",""
"49","2026-09-12T05:21:43.0909688Z","87.399460","51796","14372","EpicWebHelper.exe","51796:639247872455315220","Sample","0.062500","38912000","24367104",""
"49","2026-09-12T05:21:43.1258615Z","87.434354","117716","14372","EpicWebHelper.exe","117716:639247872454980310","Sample","0.062500","28766208","19419136",""
"49","2026-09-12T05:21:43.1608277Z","87.469322","46004","14372","zenserver.exe","46004:639247872218402360","Sample","1.171875","55549952","223313920",""
"49","2026-09-12T05:21:43.1926560Z","87.501147","120408","14372","EpicWebHelper.exe","120408:639247872454799320","Sample","0.218750","41390080","21733376",""
"50","2026-09-12T05:21:45.5041707Z","89.812688","102480","46004","crashpad_handler.exe","102480:639247872220006830","Sample","0.031250","9797632","1544192",""
"50","2026-09-12T05:21:45.5416426Z","89.850156","102484","14372","EpicWebHelper.exe","102484:639247872454443300","Sample","0.718750","87359488","95744000",""
"50","2026-09-12T05:21:45.5850700Z","89.893587","14372","65944","UnrealEditor","14372:639247872156630390","Sample","137.078125","3425243136","3822751744",""
"50","2026-09-12T05:21:45.6232181Z","89.931732","51796","14372","EpicWebHelper.exe","51796:639247872455315220","Sample","0.062500","38858752","24264704",""
"50","2026-09-12T05:21:45.6523903Z","89.960905","117716","14372","EpicWebHelper.exe","117716:639247872454980310","Sample","0.062500","28639232","19255296",""
"50","2026-09-12T05:21:45.6903447Z","89.998863","46004","14372","zenserver.exe","46004:639247872218402360","Sample","1.187500","55558144","223318016",""
"50","2026-09-12T05:21:45.7376273Z","90.046146","120408","14372","EpicWebHelper.exe","120408:639247872454799320","Sample","0.218750","41189376","21405696",""
"51","2026-09-12T05:21:47.7678278Z","92.076365","102480","46004","crashpad_handler.exe","102480:639247872220006830","Sample","0.031250","9797632","1544192",""
"51","2026-09-12T05:21:47.7936289Z","92.102166","102484","14372","EpicWebHelper.exe","102484:639247872454443300","Sample","0.734375","87076864","95391744",""
"51","2026-09-12T05:21:47.8207066Z","92.129246","14372","65944","UnrealEditor","14372:639247872156630390","Sample","140.437500","3425439744","3822751744",""
"51","2026-09-12T05:21:47.8489372Z","92.157475","51796","14372","EpicWebHelper.exe","51796:639247872455315220","Sample","0.062500","38862848","24264704",""
"51","2026-09-12T05:21:47.8808862Z","92.189425","117716","14372","EpicWebHelper.exe","117716:639247872454980310","Sample","0.062500","28639232","19255296",""
"51","2026-09-12T05:21:47.9098819Z","92.218421","46004","14372","zenserver.exe","46004:639247872218402360","Sample","1.187500","55554048","223313920",""
"51","2026-09-12T05:21:47.9389148Z","92.247453","120408","14372","EpicWebHelper.exe","120408:639247872454799320","Sample","0.218750","41205760","21405696",""
"52","2026-09-12T05:21:49.9135462Z","94.222104","102480","46004","crashpad_handler.exe","102480:639247872220006830","Sample","0.031250","9797632","1544192",""
"52","2026-09-12T05:21:49.9389735Z","94.247534","102484","14372","EpicWebHelper.exe","102484:639247872454443300","Sample","0.734375","87076864","95391744",""
"52","2026-09-12T05:21:49.9642802Z","94.272840","14372","65944","UnrealEditor","14372:639247872156630390","Sample","144.281250","3425460224","3822710784",""
"52","2026-09-12T05:21:49.9895397Z","94.298098","51796","14372","EpicWebHelper.exe","51796:639247872455315220","Sample","0.062500","38862848","24264704",""
"52","2026-09-12T05:21:50.0198496Z","94.328409","117716","14372","EpicWebHelper.exe","117716:639247872454980310","Sample","0.062500","28635136","19251200",""
"52","2026-09-12T05:21:50.0462151Z","94.354776","46004","14372","zenserver.exe","46004:639247872218402360","Sample","1.203125","55554048","223313920",""
"52","2026-09-12T05:21:50.0741880Z","94.382765","120408","14372","EpicWebHelper.exe","120408:639247872454799320","Sample","0.218750","41193472","21393408",""
"53","2026-09-12T05:21:51.9997090Z","96.308289","102480","46004","crashpad_handler.exe","102480:639247872220006830","Sample","0.031250","9797632","1544192",""
"53","2026-09-12T05:21:52.0274315Z","96.336011","102484","14372","EpicWebHelper.exe","102484:639247872454443300","Sample","0.734375","87076864","95391744",""
"53","2026-09-12T05:21:52.0531978Z","96.361778","14372","65944","UnrealEditor","14372:639247872156630390","Sample","148.046875","3425480704","3822710784",""
"53","2026-09-12T05:21:52.0799565Z","96.388537","51796","14372","EpicWebHelper.exe","51796:639247872455315220","Sample","0.062500","38862848","24264704",""
"53","2026-09-12T05:21:52.1059821Z","96.414563","117716","14372","EpicWebHelper.exe","117716:639247872454980310","Sample","0.062500","28635136","19251200",""
"53","2026-09-12T05:21:52.1305026Z","96.439083","46004","14372","zenserver.exe","46004:639247872218402360","Sample","1.234375","55558144","223318016",""
"53","2026-09-12T05:21:52.1570742Z","96.465655","120408","14372","EpicWebHelper.exe","120408:639247872454799320","Sample","0.218750","41381888","21651456",""
"54","2026-09-12T05:21:53.8924315Z","98.201030","102480","46004","crashpad_handler.exe","102480:639247872220006830","Sample","0.031250","9797632","1544192",""
"54","2026-09-12T05:21:53.9169529Z","98.225553","102484","14372","EpicWebHelper.exe","102484:639247872454443300","Sample","0.734375","87076864","95391744",""
"54","2026-09-12T05:21:53.9406102Z","98.249212","14372","65944","UnrealEditor","14372:639247872156630390","Sample","151.078125","3424829440","3822825472",""
"54","2026-09-12T05:21:53.9658930Z","98.274492","51796","14372","EpicWebHelper.exe","51796:639247872455315220","Sample","0.062500","38862848","24264704",""
"54","2026-09-12T05:21:53.9890697Z","98.297669","117716","14372","EpicWebHelper.exe","117716:639247872454980310","Sample","0.062500","28635136","19251200",""
"54","2026-09-12T05:21:54.0132387Z","98.321841","46004","14372","zenserver.exe","46004:639247872218402360","Sample","1.234375","55554048","223313920",""
"54","2026-09-12T05:21:54.0364326Z","98.345032","120408","14372","EpicWebHelper.exe","120408:639247872454799320","Sample","0.218750","41340928","21598208",""
"55","2026-09-12T05:21:55.6309828Z","99.939603","102480","46004","crashpad_handler.exe","102480:639247872220006830","Sample","0.031250","9797632","1544192",""
"55","2026-09-12T05:21:55.6545208Z","99.963145","102484","14372","EpicWebHelper.exe","102484:639247872454443300","Sample","0.734375","87076864","95391744",""
"55","2026-09-12T05:21:55.6776146Z","99.986231","14372","65944","UnrealEditor","14372:639247872156630390","Sample","153.765625","3424915456","3822833664",""
"55","2026-09-12T05:21:55.7002489Z","100.008867","51796","14372","EpicWebHelper.exe","51796:639247872455315220","Sample","0.062500","38862848","24264704",""
"55","2026-09-12T05:21:55.7243008Z","100.032918","117716","14372","EpicWebHelper.exe","117716:639247872454980310","Sample","0.062500","28635136","19251200",""
"55","2026-09-12T05:21:55.7485716Z","100.057190","46004","14372","zenserver.exe","46004:639247872218402360","Sample","1.250000","55570432","223318016",""
"55","2026-09-12T05:21:55.7724006Z","100.081019","120408","14372","EpicWebHelper.exe","120408:639247872454799320","Sample","0.218750","41340928","21598208",""
"56","2026-09-12T05:21:57.3583731Z","101.667007","102480","46004","crashpad_handler.exe","102480:639247872220006830","Sample","0.031250","9797632","1544192",""
"56","2026-09-12T05:21:57.3806022Z","101.689237","102484","14372","EpicWebHelper.exe","102484:639247872454443300","Sample","0.734375","87076864","95391744",""
"56","2026-09-12T05:21:57.4038340Z","101.712469","14372","65944","UnrealEditor","14372:639247872156630390","Sample","156.734375","3424915456","3822833664",""
"56","2026-09-12T05:21:57.4266209Z","101.735255","51796","14372","EpicWebHelper.exe","51796:639247872455315220","Sample","0.062500","38862848","24264704",""
"56","2026-09-12T05:21:57.4504770Z","101.759113","117716","14372","EpicWebHelper.exe","117716:639247872454980310","Sample","0.062500","28635136","19251200",""
"56","2026-09-12T05:21:57.4736931Z","101.782329","46004","14372","zenserver.exe","46004:639247872218402360","Sample","1.265625","55566336","223313920",""
"56","2026-09-12T05:21:57.4971052Z","101.805740","120408","14372","EpicWebHelper.exe","120408:639247872454799320","Sample","0.218750","41345024","21598208",""
"57","2026-09-12T05:21:59.0930582Z","103.401710","102480","46004","crashpad_handler.exe","102480:639247872220006830","Sample","0.031250","9797632","1544192",""
"57","2026-09-12T05:21:59.1167847Z","103.425437","102484","14372","EpicWebHelper.exe","102484:639247872454443300","Sample","0.734375","87076864","95391744",""
"57","2026-09-12T05:21:59.1406564Z","103.449309","14372","65944","UnrealEditor","14372:639247872156630390","Sample","159.593750","3425042432","3822825472",""
"57","2026-09-12T05:21:59.1646015Z","103.473258","51796","14372","EpicWebHelper.exe","51796:639247872455315220","Sample","0.062500","38862848","24264704",""
"57","2026-09-12T05:21:59.1875877Z","103.496240","117716","14372","EpicWebHelper.exe","117716:639247872454980310","Sample","0.062500","28635136","19251200",""
"57","2026-09-12T05:21:59.2111594Z","103.519813","46004","14372","zenserver.exe","46004:639247872218402360","Sample","1.265625","55566336","223313920",""
"57","2026-09-12T05:21:59.2344293Z","103.543082","120408","14372","EpicWebHelper.exe","120408:639247872454799320","Sample","0.218750","41340928","21594112",""
"58","2026-09-12T05:22:00.8238535Z","105.132524","102480","46004","crashpad_handler.exe","102480:639247872220006830","Sample","0.031250","9797632","1544192",""
"58","2026-09-12T05:22:00.8474878Z","105.156159","102484","14372","EpicWebHelper.exe","102484:639247872454443300","Sample","0.765625","87076864","95391744",""
"58","2026-09-12T05:22:00.8722741Z","105.180945","14372","65944","UnrealEditor","14372:639247872156630390","Sample","162.687500","3425042432","3822825472",""
"58","2026-09-12T05:22:00.8963665Z","105.205038","51796","14372","EpicWebHelper.exe","51796:639247872455315220","Sample","0.062500","38862848","24264704",""
"58","2026-09-12T05:22:00.9211379Z","105.229810","117716","14372","EpicWebHelper.exe","117716:639247872454980310","Sample","0.062500","28635136","19251200",""
"58","2026-09-12T05:22:00.9466070Z","105.255280","46004","14372","zenserver.exe","46004:639247872218402360","Sample","1.281250","55570432","223313920",""
"58","2026-09-12T05:22:00.9692954Z","105.277967","120408","14372","EpicWebHelper.exe","120408:639247872454799320","Sample","0.218750","41361408","21614592",""
"59","2026-09-12T05:22:02.5689418Z","106.877630","102480","46004","crashpad_handler.exe","102480:639247872220006830","Sample","0.031250","9797632","1544192",""
"59","2026-09-12T05:22:02.5921898Z","106.900878","102484","14372","EpicWebHelper.exe","102484:639247872454443300","Sample","0.765625","87076864","95391744",""
"59","2026-09-12T05:22:02.6155261Z","106.924214","14372","65944","UnrealEditor","14372:639247872156630390","Sample","165.515625","3437047808","3822825472",""
"59","2026-09-12T05:22:02.6392125Z","106.947901","51796","14372","EpicWebHelper.exe","51796:639247872455315220","Sample","0.062500","38862848","24264704",""
"59","2026-09-12T05:22:02.6618264Z","106.970514","117716","14372","EpicWebHelper.exe","117716:639247872454980310","Sample","0.062500","28635136","19251200",""
"59","2026-09-12T05:22:02.6852771Z","106.993966","46004","14372","zenserver.exe","46004:639247872218402360","Sample","1.312500","55689216","223318016",""
"59","2026-09-12T05:22:02.7109060Z","107.019594","120408","14372","EpicWebHelper.exe","120408:639247872454799320","Sample","0.218750","41340928","21594112",""
"60","2026-09-12T05:22:04.3493762Z","108.658080","102480","46004","crashpad_handler.exe","102480:639247872220006830","Sample","0.031250","9797632","1544192",""
"60","2026-09-12T05:22:04.3746464Z","108.683352","102484","14372","EpicWebHelper.exe","102484:639247872454443300","Sample","0.765625","87076864","95391744",""
"60","2026-09-12T05:22:04.3985080Z","108.707215","14372","65944","UnrealEditor","14372:639247872156630390","Sample","168.218750","3452690432","3822825472",""
"60","2026-09-12T05:22:04.4222417Z","108.730947","51796","14372","EpicWebHelper.exe","51796:639247872455315220","Sample","0.062500","38862848","24264704",""
"60","2026-09-12T05:22:04.4442257Z","108.752933","117716","14372","EpicWebHelper.exe","117716:639247872454980310","Sample","0.062500","28635136","19251200",""
"60","2026-09-12T05:22:04.4683400Z","108.777048","46004","14372","zenserver.exe","46004:639247872218402360","Sample","1.312500","127672320","223313920",""
"60","2026-09-12T05:22:04.4918815Z","108.800589","120408","14372","EpicWebHelper.exe","120408:639247872454799320","Sample","0.218750","41340928","21594112",""
"61","2026-09-12T05:22:06.1388688Z","110.447596","102480","46004","crashpad_handler.exe","102480:639247872220006830","Sample","0.031250","18800640","1544192",""
"61","2026-09-12T05:22:06.1615951Z","110.470324","102484","14372","EpicWebHelper.exe","102484:639247872454443300","Sample","0.765625","87076864","95391744",""
"61","2026-09-12T05:22:06.1856457Z","110.494372","14372","65944","UnrealEditor","14372:639247872156630390","Sample","170.953125","3471446016","3822825472",""
"61","2026-09-12T05:22:06.2095804Z","110.518305","51796","14372","EpicWebHelper.exe","51796:639247872455315220","Sample","0.062500","38862848","24264704",""
"61","2026-09-12T05:22:06.2337628Z","110.542489","117716","14372","EpicWebHelper.exe","117716:639247872454980310","Sample","0.062500","28635136","19251200",""
"61","2026-09-12T05:22:06.2576531Z","110.566385","46004","14372","zenserver.exe","46004:639247872218402360","Sample","1.328125","140267520","223313920",""
"61","2026-09-12T05:22:06.2823985Z","110.591125","120408","14372","EpicWebHelper.exe","120408:639247872454799320","Sample","0.218750","41340928","21594112",""
"62","2026-09-12T05:22:07.8656711Z","112.174413","102480","46004","crashpad_handler.exe","102480:639247872220006830","Sample","0.031250","30064640","1544192",""
"62","2026-09-12T05:22:07.8898093Z","112.198552","102484","14372","EpicWebHelper.exe","102484:639247872454443300","Sample","0.765625","87076864","95391744",""
"62","2026-09-12T05:22:07.9123738Z","112.221118","14372","65944","UnrealEditor","14372:639247872156630390","Sample","173.281250","3509444608","3822825472",""
"62","2026-09-12T05:22:07.9361832Z","112.244926","51796","14372","EpicWebHelper.exe","51796:639247872455315220","Sample","0.062500","38862848","24264704",""
"62","2026-09-12T05:22:07.9599495Z","112.268693","117716","14372","EpicWebHelper.exe","117716:639247872454980310","Sample","0.062500","28635136","19251200",""
"62","2026-09-12T05:22:07.9856195Z","112.294367","46004","14372","zenserver.exe","46004:639247872218402360","Sample","1.343750","140267520","223313920",""
"62","2026-09-12T05:22:08.0097356Z","112.318480","120408","14372","EpicWebHelper.exe","120408:639247872454799320","Sample","0.218750","41340928","21594112",""
"63","2026-09-12T05:22:09.5887253Z","113.897486","102480","46004","crashpad_handler.exe","102480:639247872220006830","Sample","0.031250","34357248","1544192",""
"63","2026-09-12T05:22:09.6125894Z","113.921349","102484","14372","EpicWebHelper.exe","102484:639247872454443300","Sample","0.765625","87076864","95391744",""
"63","2026-09-12T05:22:09.6378733Z","113.946634","14372","65944","UnrealEditor","14372:639247872156630390","Sample","176.234375","3533860864","3822825472",""
"63","2026-09-12T05:22:09.6617026Z","113.970465","51796","14372","EpicWebHelper.exe","51796:639247872455315220","Sample","0.062500","38862848","24264704",""
"63","2026-09-12T05:22:09.6859803Z","113.994742","117716","14372","EpicWebHelper.exe","117716:639247872454980310","Sample","0.062500","28635136","19251200",""
"63","2026-09-12T05:22:09.7109979Z","114.019761","46004","14372","zenserver.exe","46004:639247872218402360","Sample","1.359375","140271616","223318016",""
"63","2026-09-12T05:22:09.7351658Z","114.043931","120408","14372","EpicWebHelper.exe","120408:639247872454799320","Sample","0.218750","41340928","21594112",""
"64","2026-09-12T05:22:11.3496328Z","115.658415","102480","46004","crashpad_handler.exe","102480:639247872220006830","Sample","0.031250","34357248","1544192",""
"64","2026-09-12T05:22:11.3752837Z","115.684062","102484","14372","EpicWebHelper.exe","102484:639247872454443300","Sample","0.765625","87076864","95391744",""
"64","2026-09-12T05:22:11.4010621Z","115.709841","14372","65944","UnrealEditor","14372:639247872156630390","Sample","179.062500","3579502592","3822825472",""
"64","2026-09-12T05:22:11.4256397Z","115.734419","51796","14372","EpicWebHelper.exe","51796:639247872455315220","Sample","0.062500","38862848","24264704",""
"64","2026-09-12T05:22:11.4496706Z","115.758449","117716","14372","EpicWebHelper.exe","117716:639247872454980310","Sample","0.062500","28635136","19251200",""
"64","2026-09-12T05:22:11.4737846Z","115.782564","46004","14372","zenserver.exe","46004:639247872218402360","Sample","1.359375","140271616","223318016",""
"64","2026-09-12T05:22:11.4979702Z","115.806750","120408","14372","EpicWebHelper.exe","120408:639247872454799320","Sample","0.218750","41340928","21594112",""
"65","2026-09-12T05:22:13.1613895Z","117.470186","102480","46004","crashpad_handler.exe","102480:639247872220006830","Sample","0.031250","34357248","1544192",""
"65","2026-09-12T05:22:13.1858728Z","117.494670","102484","14372","EpicWebHelper.exe","102484:639247872454443300","Sample","0.765625","87076864","95391744",""
"65","2026-09-12T05:22:13.2075919Z","117.516390","14372","65944","UnrealEditor","14372:639247872156630390","Sample","182.078125","3617013760","3822825472",""
"65","2026-09-12T05:22:13.2315790Z","117.540376","51796","14372","EpicWebHelper.exe","51796:639247872455315220","Sample","0.062500","38862848","24264704",""
"65","2026-09-12T05:22:13.2546152Z","117.563413","117716","14372","EpicWebHelper.exe","117716:639247872454980310","Sample","0.062500","28635136","19251200",""
"65","2026-09-12T05:22:13.2783373Z","117.587135","46004","14372","zenserver.exe","46004:639247872218402360","Sample","1.375000","140267520","223313920",""
"65","2026-09-12T05:22:13.3025180Z","117.611316","120408","14372","EpicWebHelper.exe","120408:639247872454799320","Sample","0.218750","41340928","21594112",""
"66","2026-09-12T05:22:14.9449228Z","119.253738","102480","46004","crashpad_handler.exe","102480:639247872220006830","Sample","0.031250","34357248","1544192",""
"66","2026-09-12T05:22:14.9694748Z","119.278291","102484","14372","EpicWebHelper.exe","102484:639247872454443300","Sample","0.781250","87076864","95391744",""
"66","2026-09-12T05:22:14.9936053Z","119.302422","14372","65944","UnrealEditor","14372:639247872156630390","Sample","185.015625","3633790976","3822825472",""
"66","2026-09-12T05:22:15.0183399Z","119.327158","51796","14372","EpicWebHelper.exe","51796:639247872455315220","Sample","0.062500","38862848","24264704",""
"66","2026-09-12T05:22:15.0471288Z","119.355947","117716","14372","EpicWebHelper.exe","117716:639247872454980310","Sample","0.062500","28635136","19251200",""
"66","2026-09-12T05:22:15.0754313Z","119.384255","46004","14372","zenserver.exe","46004:639247872218402360","Sample","1.375000","140271616","223318016",""
"66","2026-09-12T05:22:15.1013929Z","119.410218","120408","14372","EpicWebHelper.exe","120408:639247872454799320","Sample","0.218750","41340928","21594112",""
"67","2026-09-12T05:22:16.8140793Z","121.122913","102480","46004","crashpad_handler.exe","102480:639247872220006830","Sample","0.031250","34357248","1544192",""
"67","2026-09-12T05:22:16.8382305Z","121.147065","102484","14372","EpicWebHelper.exe","102484:639247872454443300","Sample","0.781250","87076864","95391744",""
"67","2026-09-12T05:22:16.8630270Z","121.171862","14372","65944","UnrealEditor","14372:639247872156630390","Sample","187.687500","3655942144","3822825472",""
"67","2026-09-12T05:22:16.8887440Z","121.197581","51796","14372","EpicWebHelper.exe","51796:639247872455315220","Sample","0.062500","38862848","24264704",""
"67","2026-09-12T05:22:16.9139704Z","121.222807","117716","14372","EpicWebHelper.exe","117716:639247872454980310","Sample","0.062500","28635136","19251200",""
"67","2026-09-12T05:22:16.9391645Z","121.248003","46004","14372","zenserver.exe","46004:639247872218402360","Sample","1.421875","140267520","223313920",""
"67","2026-09-12T05:22:16.9651503Z","121.273987","120408","14372","EpicWebHelper.exe","120408:639247872454799320","Sample","0.218750","41340928","21594112",""
"68","2026-09-12T05:22:18.5901830Z","122.899037","102480","46004","crashpad_handler.exe","102480:639247872220006830","Sample","0.031250","34357248","1544192",""
"68","2026-09-12T05:22:18.6135133Z","122.922366","102484","14372","EpicWebHelper.exe","102484:639247872454443300","Sample","0.781250","87076864","95391744",""
"68","2026-09-12T05:22:18.6371719Z","122.946025","14372","65944","UnrealEditor","14372:639247872156630390","Sample","190.687500","3661582336","3822825472",""
"68","2026-09-12T05:22:18.6608503Z","122.969706","51796","14372","EpicWebHelper.exe","51796:639247872455315220","Sample","0.062500","38862848","24264704",""
"68","2026-09-12T05:22:18.6855490Z","122.994403","117716","14372","EpicWebHelper.exe","117716:639247872454980310","Sample","0.062500","28635136","19251200",""
"68","2026-09-12T05:22:18.7099912Z","123.018847","46004","14372","zenserver.exe","46004:639247872218402360","Sample","1.421875","140271616","223318016",""
"68","2026-09-12T05:22:18.7350824Z","123.043937","120408","14372","EpicWebHelper.exe","120408:639247872454799320","Sample","0.218750","41340928","21594112",""
"69","2026-09-12T05:22:20.4500440Z","124.758917","102480","46004","crashpad_handler.exe","102480:639247872220006830","Sample","0.031250","34357248","1544192",""
"69","2026-09-12T05:22:20.4752621Z","124.784137","102484","14372","EpicWebHelper.exe","102484:639247872454443300","Sample","0.781250","87076864","95391744",""
"69","2026-09-12T05:22:20.5009079Z","124.809784","14372","65944","UnrealEditor","14372:639247872156630390","Sample","193.765625","3666415616","3822956544",""
"69","2026-09-12T05:22:20.5278156Z","124.836690","51796","14372","EpicWebHelper.exe","51796:639247872455315220","Sample","0.062500","38862848","24264704",""
"69","2026-09-12T05:22:20.5549636Z","124.863838","117716","14372","EpicWebHelper.exe","117716:639247872454980310","Sample","0.062500","28635136","19251200",""
"69","2026-09-12T05:22:20.5816367Z","124.890514","46004","14372","zenserver.exe","46004:639247872218402360","Sample","1.437500","140271616","223318016",""
"69","2026-09-12T05:22:20.6078482Z","124.916723","120408","14372","EpicWebHelper.exe","120408:639247872454799320","Sample","0.218750","41340928","21594112",""
"70","2026-09-12T05:22:22.4233410Z","126.732233","102480","46004","crashpad_handler.exe","102480:639247872220006830","Sample","0.031250","34357248","1544192",""
"70","2026-09-12T05:22:22.4465389Z","126.755438","102484","14372","EpicWebHelper.exe","102484:639247872454443300","Sample","0.781250","87076864","95391744",""
"70","2026-09-12T05:22:22.4695123Z","126.778404","14372","65944","UnrealEditor","14372:639247872156630390","Sample","197.203125","3674079232","3822956544",""
"70","2026-09-12T05:22:22.4940943Z","126.802987","51796","14372","EpicWebHelper.exe","51796:639247872455315220","Sample","0.062500","38862848","24264704",""
"70","2026-09-12T05:22:22.5182656Z","126.827159","117716","14372","EpicWebHelper.exe","117716:639247872454980310","Sample","0.062500","28635136","19251200",""
"70","2026-09-12T05:22:22.5426666Z","126.851561","46004","14372","zenserver.exe","46004:639247872218402360","Sample","1.453125","140271616","223318016",""
"70","2026-09-12T05:22:22.5662075Z","126.875100","120408","14372","EpicWebHelper.exe","120408:639247872454799320","Sample","0.218750","41340928","21594112",""
"71","2026-09-12T05:22:24.1643371Z","128.473254","102480","46004","crashpad_handler.exe","102480:639247872220006830","Sample","0.031250","34357248","1544192",""
"71","2026-09-12T05:22:24.1872255Z","128.496136","102484","14372","EpicWebHelper.exe","102484:639247872454443300","Sample","0.796875","87076864","95391744",""
"71","2026-09-12T05:22:24.2112856Z","128.520196","14372","65944","UnrealEditor","14372:639247872156630390","Sample","199.968750","3683913728","3822956544",""
"71","2026-09-12T05:22:24.2348100Z","128.543721","51796","14372","EpicWebHelper.exe","51796:639247872455315220","Sample","0.062500","38862848","24264704",""
"71","2026-09-12T05:22:24.2583851Z","128.567297","117716","14372","EpicWebHelper.exe","117716:639247872454980310","Sample","0.062500","28635136","19251200",""
"71","2026-09-12T05:22:24.2808137Z","128.589725","46004","14372","zenserver.exe","46004:639247872218402360","Sample","1.484375","140275712","223318016",""
"71","2026-09-12T05:22:24.3046051Z","128.613516","120408","14372","EpicWebHelper.exe","120408:639247872454799320","Sample","0.218750","41340928","21594112",""
"72","2026-09-12T05:22:25.9490958Z","130.258025","102480","46004","crashpad_handler.exe","102480:639247872220006830","Sample","0.031250","34357248","1544192",""
"72","2026-09-12T05:22:25.9718147Z","130.280743","102484","14372","EpicWebHelper.exe","102484:639247872454443300","Sample","0.796875","87076864","95391744",""
"72","2026-09-12T05:22:25.9984522Z","130.307382","14372","65944","UnrealEditor","14372:639247872156630390","Sample","203.062500","3733073920","3823751168",""
"72","2026-09-12T05:22:26.0224141Z","130.331342","51796","14372","EpicWebHelper.exe","51796:639247872455315220","Sample","0.062500","38862848","24264704",""
"72","2026-09-12T05:22:26.0458590Z","130.354788","117716","14372","EpicWebHelper.exe","117716:639247872454980310","Sample","0.062500","28610560","19226624",""
"72","2026-09-12T05:22:26.0689749Z","130.377907","46004","14372","zenserver.exe","46004:639247872218402360","Sample","1.515625","140279808","223318016",""
"72","2026-09-12T05:22:26.0933386Z","130.402268","120408","14372","EpicWebHelper.exe","120408:639247872454799320","Sample","0.218750","41340928","21594112",""
"73","2026-09-12T05:22:27.6855756Z","131.994523","102480","46004","crashpad_handler.exe","102480:639247872220006830","Sample","0.031250","34357248","1544192",""
"73","2026-09-12T05:22:27.7102888Z","132.019236","102484","14372","EpicWebHelper.exe","102484:639247872454443300","Sample","0.796875","87076864","95391744",""
"73","2026-09-12T05:22:27.7350628Z","132.044009","14372","65944","UnrealEditor","14372:639247872156630390","Sample","206.125000","3734372352","3823751168",""
"73","2026-09-12T05:22:27.7621461Z","132.071093","51796","14372","EpicWebHelper.exe","51796:639247872455315220","Sample","0.062500","38862848","24264704",""
"73","2026-09-12T05:22:27.7857692Z","132.094717","117716","14372","EpicWebHelper.exe","117716:639247872454980310","Sample","0.062500","28610560","19226624",""
"73","2026-09-12T05:22:27.8094010Z","132.118348","46004","14372","zenserver.exe","46004:639247872218402360","Sample","1.515625","140279808","223318016",""
"73","2026-09-12T05:22:27.8339232Z","132.142872","120408","14372","EpicWebHelper.exe","120408:639247872454799320","Sample","0.218750","41340928","21594112",""
"74","2026-09-12T05:22:29.5067829Z","133.815748","102480","46004","crashpad_handler.exe","102480:639247872220006830","Sample","0.031250","34357248","1544192",""
"74","2026-09-12T05:22:29.5299192Z","133.838884","102484","14372","EpicWebHelper.exe","102484:639247872454443300","Sample","0.796875","87076864","95391744",""
"74","2026-09-12T05:22:29.5553790Z","133.864344","14372","65944","UnrealEditor","14372:639247872156630390","Sample","209.437500","3751280640","3823751168",""
"74","2026-09-12T05:22:29.5801932Z","133.889160","51796","14372","EpicWebHelper.exe","51796:639247872455315220","Sample","0.062500","38862848","24264704",""
"74","2026-09-12T05:22:29.6048915Z","133.913858","117716","14372","EpicWebHelper.exe","117716:639247872454980310","Sample","0.062500","28610560","19226624",""
"74","2026-09-12T05:22:29.6302831Z","133.939250","46004","14372","zenserver.exe","46004:639247872218402360","Sample","1.562500","140275712","223313920",""
"74","2026-09-12T05:22:29.6541062Z","133.963073","120408","14372","EpicWebHelper.exe","120408:639247872454799320","Sample","0.218750","41340928","21594112",""
"75","2026-09-12T05:22:31.2812349Z","135.590218","102480","46004","crashpad_handler.exe","102480:639247872220006830","Sample","0.031250","34357248","1544192",""
"75","2026-09-12T05:22:31.3052539Z","135.614239","102484","14372","EpicWebHelper.exe","102484:639247872454443300","Sample","0.796875","87076864","95391744",""
"75","2026-09-12T05:22:31.3285221Z","135.637506","14372","65944","UnrealEditor","14372:639247872156630390","Sample","212.609375","3761446912","3822665728",""
"75","2026-09-12T05:22:31.3487275Z","135.657713","51796","14372","EpicWebHelper.exe","51796:639247872455315220","Sample","0.062500","38862848","24264704",""
"75","2026-09-12T05:22:31.3728256Z","135.681810","117716","14372","EpicWebHelper.exe","117716:639247872454980310","Sample","0.062500","28610560","19226624",""
"75","2026-09-12T05:22:31.3973089Z","135.706293","46004","14372","zenserver.exe","46004:639247872218402360","Sample","1.578125","140283904","223318016",""
"75","2026-09-12T05:22:31.4209826Z","135.729967","120408","14372","EpicWebHelper.exe","120408:639247872454799320","Sample","0.218750","41340928","21594112",""
"76","2026-09-12T05:22:33.0402497Z","137.349251","102480","46004","crashpad_handler.exe","102480:639247872220006830","Sample","0.031250","34357248","1544192",""
"76","2026-09-12T05:22:33.0631914Z","137.372193","102484","14372","EpicWebHelper.exe","102484:639247872454443300","Sample","0.796875","87076864","95391744",""
"76","2026-09-12T05:22:33.0871321Z","137.396134","14372","65944","UnrealEditor","14372:639247872156630390","Sample","215.703125","3780935680","3823321088",""
"76","2026-09-12T05:22:33.1109152Z","137.419918","51796","14372","EpicWebHelper.exe","51796:639247872455315220","Sample","0.062500","38862848","24264704",""
"76","2026-09-12T05:22:33.1344882Z","137.443491","117716","14372","EpicWebHelper.exe","117716:639247872454980310","Sample","0.062500","28610560","19226624",""
"76","2026-09-12T05:22:33.1574974Z","137.466506","46004","14372","zenserver.exe","46004:639247872218402360","Sample","1.593750","140279808","223313920",""
"76","2026-09-12T05:22:33.1803986Z","137.489403","120408","14372","EpicWebHelper.exe","120408:639247872454799320","Sample","0.218750","41340928","21594112",""
"77","2026-09-12T05:22:34.8058797Z","139.114899","102480","46004","crashpad_handler.exe","102480:639247872220006830","Sample","0.031250","34357248","1544192",""
"77","2026-09-12T05:22:34.8298972Z","139.138918","102484","14372","EpicWebHelper.exe","102484:639247872454443300","Sample","0.796875","87076864","95391744",""
"77","2026-09-12T05:22:34.8535566Z","139.162579","14372","65944","UnrealEditor","14372:639247872156630390","Sample","219.015625","3803688960","3823321088",""
"77","2026-09-12T05:22:34.8773661Z","139.186386","51796","14372","EpicWebHelper.exe","51796:639247872455315220","Sample","0.062500","38862848","24264704",""
"77","2026-09-12T05:22:34.9015292Z","139.210550","117716","14372","EpicWebHelper.exe","117716:639247872454980310","Sample","0.062500","28610560","19226624",""
"77","2026-09-12T05:22:34.9270407Z","139.236062","46004","14372","zenserver.exe","46004:639247872218402360","Sample","1.593750","140283904","223313920",""
"77","2026-09-12T05:22:34.9511019Z","139.260131","120408","14372","EpicWebHelper.exe","120408:639247872454799320","Sample","0.218750","41340928","21594112",""
"78","2026-09-12T05:22:36.5886486Z","140.897687","102480","46004","crashpad_handler.exe","102480:639247872220006830","Sample","0.031250","34357248","1544192",""
"78","2026-09-12T05:22:36.6131954Z","140.922234","102484","14372","EpicWebHelper.exe","102484:639247872454443300","Sample","0.796875","87076864","95391744",""
"78","2026-09-12T05:22:36.6371829Z","140.946221","14372","65944","UnrealEditor","14372:639247872156630390","Sample","222.031250","3846778880","3823321088",""
"78","2026-09-12T05:22:36.6617099Z","140.970749","51796","14372","EpicWebHelper.exe","51796:639247872455315220","Sample","0.062500","38862848","24264704",""
"78","2026-09-12T05:22:36.6871469Z","140.996189","117716","14372","EpicWebHelper.exe","117716:639247872454980310","Sample","0.062500","28610560","19226624",""
"78","2026-09-12T05:22:36.7109541Z","141.019993","46004","14372","zenserver.exe","46004:639247872218402360","Sample","1.593750","140152832","223121408",""
"78","2026-09-12T05:22:36.7343309Z","141.043370","120408","14372","EpicWebHelper.exe","120408:639247872454799320","Sample","0.218750","41340928","21594112",""
"79","2026-09-12T05:22:38.3764802Z","142.685537","102480","46004","crashpad_handler.exe","102480:639247872220006830","Sample","0.031250","34357248","1544192",""
"79","2026-09-12T05:22:38.4002519Z","142.709308","102484","14372","EpicWebHelper.exe","102484:639247872454443300","Sample","0.796875","87076864","95391744",""
"79","2026-09-12T05:22:38.4248679Z","142.733924","14372","65944","UnrealEditor","14372:639247872156630390","Sample","224.843750","3877867520","3823247360",""
"79","2026-09-12T05:22:38.4507575Z","142.759815","51796","14372","EpicWebHelper.exe","51796:639247872455315220","Sample","0.062500","38862848","24264704",""
"79","2026-09-12T05:22:38.4744031Z","142.783464","117716","14372","EpicWebHelper.exe","117716:639247872454980310","Sample","0.062500","28610560","19226624",""
"79","2026-09-12T05:22:38.4991633Z","142.808221","46004","14372","zenserver.exe","46004:639247872218402360","Sample","1.609375","140152832","223121408",""
"79","2026-09-12T05:22:38.5225198Z","142.831578","120408","14372","EpicWebHelper.exe","120408:639247872454799320","Sample","0.218750","41340928","21594112",""
"80","2026-09-12T05:22:40.2116055Z","144.520682","102480","46004","crashpad_handler.exe","102480:639247872220006830","Sample","0.031250","34357248","1544192",""
"80","2026-09-12T05:22:40.2385084Z","144.547584","102484","14372","EpicWebHelper.exe","102484:639247872454443300","Sample","1.031250","120905728","136003584",""
"80","2026-09-12T05:22:40.2636842Z","144.572759","14372","65944","UnrealEditor","14372:639247872156630390","Sample","227.265625","3933167616","3853946880",""
"80","2026-09-12T05:22:40.2878551Z","144.596931","93660","14372","EpicWebHelper.exe","93660:639247873592106100","New","0.031250","38846464","25505792",""
"80","2026-09-12T05:22:40.3127609Z","144.621837","51796","14372","EpicWebHelper.exe","51796:639247872455315220","Sample","0.328125","66789376","32342016",""
"80","2026-09-12T05:22:40.3371932Z","144.646270","117716","14372","EpicWebHelper.exe","117716:639247872454980310","Sample","0.062500","28610560","19226624",""
"80","2026-09-12T05:22:40.3628320Z","144.671908","46004","14372","zenserver.exe","46004:639247872218402360","Sample","1.625000","140152832","223121408",""
"80","2026-09-12T05:22:40.3870426Z","144.696122","120408","14372","EpicWebHelper.exe","120408:639247872454799320","Sample","0.218750","41349120","21602304",""
"81","2026-09-12T05:22:42.0237003Z","146.332795","102480","46004","crashpad_handler.exe","102480:639247872220006830","Sample","0.031250","34357248","1544192",""
"81","2026-09-12T05:22:42.0468387Z","146.355933","102484","14372","EpicWebHelper.exe","102484:639247872454443300","Sample","1.250000","117248000","136445952",""
"81","2026-09-12T05:22:42.0717365Z","146.380833","14372","65944","UnrealEditor","14372:639247872156630390","Sample","230.437500","3932995584","3853668352",""
"81","2026-09-12T05:22:42.0957442Z","146.404838","93660","14372","EpicWebHelper.exe","93660:639247873592106100","Sample","0.031250","38846464","25505792",""
"81","2026-09-12T05:22:42.1220765Z","146.431172","51796","14372","EpicWebHelper.exe","51796:639247872455315220","Sample","0.468750","67813376","33259520",""
"81","2026-09-12T05:22:42.1471212Z","146.456216","117716","14372","EpicWebHelper.exe","117716:639247872454980310","Sample","0.062500","28610560","19226624",""
"81","2026-09-12T05:22:42.1712954Z","146.480391","46004","14372","zenserver.exe","46004:639247872218402360","Sample","1.625000","140152832","223121408",""
"81","2026-09-12T05:22:42.1962711Z","146.505369","120408","14372","EpicWebHelper.exe","120408:639247872454799320","Sample","0.218750","41345024","21598208",""
"82","2026-09-12T05:22:43.8582726Z","148.167387","102480","46004","crashpad_handler.exe","102480:639247872220006830","Sample","0.031250","34357248","1544192",""
"82","2026-09-12T05:22:43.8829280Z","148.192048","102484","14372","EpicWebHelper.exe","102484:639247872454443300","Sample","1.500000","117645312","136785920",""
"82","2026-09-12T05:22:43.9076476Z","148.216760","14372","65944","UnrealEditor","14372:639247872156630390","Sample","233.343750","3933978624","3853717504",""
"82","2026-09-12T05:22:43.9330770Z","148.242191","93660","14372","EpicWebHelper.exe","93660:639247873592106100","Sample","0.031250","38846464","25505792",""
"82","2026-09-12T05:22:43.9571384Z","148.266253","51796","14372","EpicWebHelper.exe","51796:639247872455315220","Sample","0.656250","68837376","34201600",""
"82","2026-09-12T05:22:43.9804245Z","148.289540","117716","14372","EpicWebHelper.exe","117716:639247872454980310","Sample","0.062500","28610560","19226624",""
"82","2026-09-12T05:22:44.0047466Z","148.313862","46004","14372","zenserver.exe","46004:639247872218402360","Sample","1.625000","140156928","223125504",""
"82","2026-09-12T05:22:44.0287621Z","148.337876","120408","14372","EpicWebHelper.exe","120408:639247872454799320","Sample","0.218750","41345024","21598208",""
"83","2026-09-12T05:22:45.6797999Z","149.988933","102480","46004","crashpad_handler.exe","102480:639247872220006830","Sample","0.031250","34357248","1544192",""
"83","2026-09-12T05:22:45.7105193Z","150.019655","102484","14372","EpicWebHelper.exe","102484:639247872454443300","Sample","1.765625","122253312","137080832",""
"83","2026-09-12T05:22:45.7363044Z","150.045441","14372","65944","UnrealEditor","14372:639247872156630390","Sample","236.546875","3929886720","3845304320",""
"83","2026-09-12T05:22:45.7605475Z","150.069681","93660","14372","EpicWebHelper.exe","93660:639247873592106100","Sample","0.031250","38916096","25505792",""
"83","2026-09-12T05:22:45.7851314Z","150.094264","51796","14372","EpicWebHelper.exe","51796:639247872455315220","Sample","0.859375","69918720","34926592",""
"83","2026-09-12T05:22:45.8092565Z","150.118390","117716","14372","EpicWebHelper.exe","117716:639247872454980310","Sample","0.062500","28655616","19226624",""
"83","2026-09-12T05:22:45.8354597Z","150.144597","46004","14372","zenserver.exe","46004:639247872218402360","Sample","1.640625","140156928","223125504",""
"83","2026-09-12T05:22:45.8611287Z","150.170272","120408","14372","EpicWebHelper.exe","120408:639247872454799320","Sample","0.218750","41435136","21614592",""
"84","2026-09-12T05:22:47.5348161Z","151.843963","88960","14372","EpicWebHelper.exe","88960:639247873655161580","SampleFailed",,,,"Cannot find a process with the process identifier 88960."
"84","2026-09-12T05:22:47.5590151Z","151.868167","102480","46004","crashpad_handler.exe","102480:639247872220006830","Sample","0.031250","34357248","1544192",""
"84","2026-09-12T05:22:47.5834051Z","151.892557","102484","14372","EpicWebHelper.exe","102484:639247872454443300","Sample","1.968750","122601472","138452992",""
"84","2026-09-12T05:22:47.6079511Z","151.917103","14372","65944","UnrealEditor","14372:639247872156630390","Sample","239.453125","3930091520","3847548928",""
"84","2026-09-12T05:22:47.6322532Z","151.941411","93660","14372","EpicWebHelper.exe","93660:639247873592106100","Sample","0.031250","38916096","25505792",""
"84","2026-09-12T05:22:47.6562156Z","151.965368","51796","14372","EpicWebHelper.exe","51796:639247872455315220","Sample","1.078125","71147520","36274176",""
"84","2026-09-12T05:22:47.6806210Z","151.989773","117716","14372","EpicWebHelper.exe","117716:639247872454980310","Sample","0.062500","28655616","19226624",""
"84","2026-09-12T05:22:47.7053431Z","152.014496","46004","14372","zenserver.exe","46004:639247872218402360","Sample","1.656250","140152832","223121408",""
"84","2026-09-12T05:22:47.7298000Z","152.038957","120408","14372","EpicWebHelper.exe","120408:639247872454799320","Sample","0.218750","41435136","21614592",""
"85","2026-09-12T05:22:49.3712443Z","153.680411","88960","14372","EpicWebHelper.exe","88960:639247873655161580","Exited",,,,""
"85","2026-09-12T05:22:49.3973576Z","153.706527","102480","46004","crashpad_handler.exe","102480:639247872220006830","Sample","0.031250","34357248","1544192",""
"85","2026-09-12T05:22:49.4221434Z","153.731314","102484","14372","EpicWebHelper.exe","102484:639247872454443300","Sample","2.171875","118919168","138874880",""
"85","2026-09-12T05:22:49.4469548Z","153.756130","14372","65944","UnrealEditor","14372:639247872156630390","Sample","242.546875","3930120192","3847577600",""
"85","2026-09-12T05:22:49.4705408Z","153.779712","93660","14372","EpicWebHelper.exe","93660:639247873592106100","Sample","0.031250","38916096","25505792",""
"85","2026-09-12T05:22:49.4950022Z","153.804179","51796","14372","EpicWebHelper.exe","51796:639247872455315220","Sample","1.296875","72241152","37064704",""
"85","2026-09-12T05:22:49.5211379Z","153.830311","117716","14372","EpicWebHelper.exe","117716:639247872454980310","Sample","0.062500","28655616","19226624",""
"85","2026-09-12T05:22:49.5462073Z","153.855381","46004","14372","zenserver.exe","46004:639247872218402360","Sample","1.703125","140152832","223121408",""
"85","2026-09-12T05:22:49.5718136Z","153.880987","120408","14372","EpicWebHelper.exe","120408:639247872454799320","Sample","0.218750","41484288","21581824",""
"86","2026-09-12T05:22:51.2992682Z","155.608458","102480","46004","crashpad_handler.exe","102480:639247872220006830","Sample","0.031250","34357248","1544192",""
"86","2026-09-12T05:22:51.3224098Z","155.631599","102484","14372","EpicWebHelper.exe","102484:639247872454443300","Sample","2.359375","119091200","139010048",""
"86","2026-09-12T05:22:51.3454388Z","155.654628","14372","65944","UnrealEditor","14372:639247872156630390","Sample","245.609375","3934355456","3847675904",""
"86","2026-09-12T05:22:51.3695850Z","155.678776","93660","14372","EpicWebHelper.exe","93660:639247873592106100","Sample","0.031250","38871040","25460736",""
"86","2026-09-12T05:22:51.3953765Z","155.704568","51796","14372","EpicWebHelper.exe","51796:639247872455315220","Sample","1.531250","73084928","37662720",""
"86","2026-09-12T05:22:51.4194332Z","155.728625","117716","14372","EpicWebHelper.exe","117716:639247872454980310","Sample","0.062500","28655616","19226624",""
"86","2026-09-12T05:22:51.4422263Z","155.751423","46004","14372","zenserver.exe","46004:639247872218402360","Sample","1.718750","140152832","223121408",""
"86","2026-09-12T05:22:51.4667900Z","155.775981","120408","14372","EpicWebHelper.exe","120408:639247872454799320","Sample","0.218750","41508864","21618688",""
"87","2026-09-12T05:22:53.1337672Z","157.442975","102480","46004","crashpad_handler.exe","102480:639247872220006830","Sample","0.031250","34357248","1544192",""
"87","2026-09-12T05:22:53.1568262Z","157.466035","102484","14372","EpicWebHelper.exe","102484:639247872454443300","Sample","2.500000","124256256","140070912",""
"87","2026-09-12T05:22:53.1806935Z","157.489902","14372","65944","UnrealEditor","14372:639247872156630390","Sample","248.500000","3926175744","3839315968",""
"87","2026-09-12T05:22:53.2046125Z","157.513824","93660","14372","EpicWebHelper.exe","93660:639247873592106100","Sample","0.031250","38871040","25460736",""
"87","2026-09-12T05:22:53.2279688Z","157.537179","51796","14372","EpicWebHelper.exe","51796:639247872455315220","Sample","1.734375","74153984","38621184",""
"87","2026-09-12T05:22:53.2512048Z","157.560414","117716","14372","EpicWebHelper.exe","117716:639247872454980310","Sample","0.062500","28655616","19226624",""
"87","2026-09-12T05:22:53.2741751Z","157.583385","46004","14372","zenserver.exe","46004:639247872218402360","Sample","1.718750","140152832","223121408",""
"87","2026-09-12T05:22:53.2995374Z","157.608748","120408","14372","EpicWebHelper.exe","120408:639247872454799320","Sample","0.218750","41508864","21618688",""
"88","2026-09-12T05:22:54.8983842Z","159.207614","102480","46004","crashpad_handler.exe","102480:639247872220006830","Sample","0.031250","34357248","1544192",""
"88","2026-09-12T05:22:54.9216592Z","159.230887","102484","14372","EpicWebHelper.exe","102484:639247872454443300","Sample","2.781250","128348160","140075008",""
"88","2026-09-12T05:22:54.9447368Z","159.253971","14372","65944","UnrealEditor","14372:639247872156630390","Sample","251.515625","3930349568","3843674112",""
"88","2026-09-12T05:22:54.9687391Z","159.277966","93660","14372","EpicWebHelper.exe","93660:639247873592106100","Sample","0.031250","38871040","25460736",""
"88","2026-09-12T05:22:54.9916961Z","159.300924","51796","14372","EpicWebHelper.exe","51796:639247872455315220","Sample","1.937500","75083776","39854080",""
"88","2026-09-12T05:22:55.0162010Z","159.325428","117716","14372","EpicWebHelper.exe","117716:639247872454980310","Sample","0.062500","28655616","19226624",""
"88","2026-09-12T05:22:55.0384747Z","159.347715","46004","14372","zenserver.exe","46004:639247872218402360","Sample","1.718750","140156928","223125504",""
"88","2026-09-12T05:22:55.0630271Z","159.372260","120408","14372","EpicWebHelper.exe","120408:639247872454799320","Sample","0.218750","41484288","21581824",""
"89","2026-09-12T05:22:56.7531452Z","161.062390","102480","46004","crashpad_handler.exe","102480:639247872220006830","Sample","0.031250","34357248","1544192",""
"89","2026-09-12T05:22:56.7769541Z","161.086200","102484","14372","EpicWebHelper.exe","102484:639247872454443300","Sample","2.953125","124256256","140144640",""
"89","2026-09-12T05:22:56.8011873Z","161.110434","14372","65944","UnrealEditor","14372:639247872156630390","Sample","254.468750","3932422144","3843756032",""
"89","2026-09-12T05:22:56.8255109Z","161.134759","93660","14372","EpicWebHelper.exe","93660:639247873592106100","Sample","0.031250","38871040","25460736",""
"89","2026-09-12T05:22:56.8495623Z","161.158812","51796","14372","EpicWebHelper.exe","51796:639247872455315220","Sample","2.250000","76353536","40984576",""
"89","2026-09-12T05:22:56.8744369Z","161.183685","117716","14372","EpicWebHelper.exe","117716:639247872454980310","Sample","0.062500","28655616","19226624",""
"89","2026-09-12T05:22:56.8991695Z","161.208418","46004","14372","zenserver.exe","46004:639247872218402360","Sample","1.765625","140156928","223125504",""
"89","2026-09-12T05:22:56.9234761Z","161.232724","120408","14372","EpicWebHelper.exe","120408:639247872454799320","Sample","0.218750","41484288","21581824",""
"90","2026-09-12T05:22:58.5977513Z","162.907015","102480","46004","crashpad_handler.exe","102480:639247872220006830","Sample","0.031250","34357248","1544192",""
"90","2026-09-12T05:22:58.6216428Z","162.930907","102484","14372","EpicWebHelper.exe","102484:639247872454443300","Sample","3.218750","124256256","140091392",""
"90","2026-09-12T05:22:58.6479574Z","162.957224","14372","65944","UnrealEditor","14372:639247872156630390","Sample","257.312500","3930497024","3843821568",""
"90","2026-09-12T05:22:58.6724944Z","162.981760","93660","14372","EpicWebHelper.exe","93660:639247873592106100","Sample","0.031250","38871040","25460736",""
"90","2026-09-12T05:22:58.6974323Z","163.006699","51796","14372","EpicWebHelper.exe","51796:639247872455315220","Sample","2.453125","77320192","41955328",""
"90","2026-09-12T05:22:58.7215446Z","163.030811","117716","14372","EpicWebHelper.exe","117716:639247872454980310","Sample","0.062500","28655616","19226624",""
"90","2026-09-12T05:22:58.7462529Z","163.055518","46004","14372","zenserver.exe","46004:639247872218402360","Sample","1.781250","140152832","223121408",""
"90","2026-09-12T05:22:58.7702659Z","163.079532","120408","14372","EpicWebHelper.exe","120408:639247872454799320","Sample","0.218750","41484288","21581824",""
"91","2026-09-12T05:23:00.4421016Z","164.751386","102480","46004","crashpad_handler.exe","102480:639247872220006830","Sample","0.031250","34357248","1544192",""
"91","2026-09-12T05:23:00.4679267Z","164.777211","102484","14372","EpicWebHelper.exe","102484:639247872454443300","Sample","3.546875","128344064","140075008",""
"91","2026-09-12T05:23:00.4943568Z","164.803641","14372","65944","UnrealEditor","14372:639247872156630390","Sample","260.625000","3930558464","3843850240",""
"91","2026-09-12T05:23:00.5193986Z","164.828683","93660","14372","EpicWebHelper.exe","93660:639247873592106100","Sample","0.031250","38871040","25460736",""
"91","2026-09-12T05:23:00.5425160Z","164.851802","51796","14372","EpicWebHelper.exe","51796:639247872455315220","Sample","2.687500","78229504","42860544",""
"91","2026-09-12T05:23:00.5669604Z","164.876246","117716","14372","EpicWebHelper.exe","117716:639247872454980310","Sample","0.062500","28655616","19226624",""
"91","2026-09-12T05:23:00.5922427Z","164.901529","46004","14372","zenserver.exe","46004:639247872218402360","Sample","1.796875","140152832","223121408",""
"91","2026-09-12T05:23:00.6172413Z","164.926526","120408","14372","EpicWebHelper.exe","120408:639247872454799320","Sample","0.218750","41467904","21549056",""
"92","2026-09-12T05:23:02.2670519Z","166.576354","102480","46004","crashpad_handler.exe","102480:639247872220006830","Sample","0.031250","34357248","1544192",""
"92","2026-09-12T05:23:02.2903559Z","166.599660","102484","14372","EpicWebHelper.exe","102484:639247872454443300","Sample","3.828125","128364544","140079104",""
"92","2026-09-12T05:23:02.3139167Z","166.623219","14372","65944","UnrealEditor","14372:639247872156630390","Sample","263.593750","3930591232","3843883008",""
"92","2026-09-12T05:23:02.3362455Z","166.645549","93660","14372","EpicWebHelper.exe","93660:639247873592106100","Sample","0.031250","38871040","25460736",""
"92","2026-09-12T05:23:02.3607240Z","166.670027","51796","14372","EpicWebHelper.exe","51796:639247872455315220","Sample","2.859375","79405056","44122112",""
"92","2026-09-12T05:23:02.3844464Z","166.693750","117716","14372","EpicWebHelper.exe","117716:639247872454980310","Sample","0.062500","28655616","19226624",""
"92","2026-09-12T05:23:02.4081338Z","166.717439","46004","14372","zenserver.exe","46004:639247872218402360","Sample","1.812500","140152832","223121408",""
"92","2026-09-12T05:23:02.4324959Z","166.741801","120408","14372","EpicWebHelper.exe","120408:639247872454799320","Sample","0.218750","41467904","21549056",""
"93","2026-09-12T05:23:04.2300113Z","168.539336","102480","46004","crashpad_handler.exe","102480:639247872220006830","Sample","0.031250","34357248","1544192",""
"93","2026-09-12T05:23:04.2560348Z","168.565359","102484","14372","EpicWebHelper.exe","102484:639247872454443300","Sample","4.062500","128364544","140079104",""
"93","2026-09-12T05:23:04.2807026Z","168.590026","14372","65944","UnrealEditor","14372:639247872156630390","Sample","266.937500","3930693632","3843985408",""
"93","2026-09-12T05:23:04.3069875Z","168.616311","93660","14372","EpicWebHelper.exe","93660:639247873592106100","Sample","0.031250","38871040","25460736",""
"93","2026-09-12T05:23:04.3319880Z","168.641313","51796","14372","EpicWebHelper.exe","51796:639247872455315220","Sample","3.140625","80408576","45084672",""
"93","2026-09-12T05:23:04.3579963Z","168.667323","117716","14372","EpicWebHelper.exe","117716:639247872454980310","Sample","0.062500","28655616","19226624",""
"93","2026-09-12T05:23:04.3839834Z","168.693310","46004","14372","zenserver.exe","46004:639247872218402360","Sample","1.828125","140152832","223121408",""
"93","2026-09-12T05:23:04.4095724Z","168.718897","120408","14372","EpicWebHelper.exe","120408:639247872454799320","Sample","0.218750","41467904","21549056",""
"94","2026-09-12T05:23:06.2420008Z","170.551345","102480","46004","crashpad_handler.exe","102480:639247872220006830","Sample","0.031250","34357248","1544192",""
"94","2026-09-12T05:23:06.2687234Z","170.578067","102484","14372","EpicWebHelper.exe","102484:639247872454443300","Sample","4.281250","128364544","140079104",""
"94","2026-09-12T05:23:06.2939195Z","170.603264","14372","65944","UnrealEditor","14372:639247872156630390","Sample","270.343750","3929161728","3842449408",""
"94","2026-09-12T05:23:06.3180923Z","170.627440","93660","14372","EpicWebHelper.exe","93660:639247873592106100","Sample","0.031250","38871040","25460736",""
"94","2026-09-12T05:23:06.3424515Z","170.651796","51796","14372","EpicWebHelper.exe","51796:639247872455315220","Sample","3.453125","82014208","46460928",""
"94","2026-09-12T05:23:06.3673602Z","170.676706","117716","14372","EpicWebHelper.exe","117716:639247872454980310","Sample","0.062500","28655616","19226624",""
"94","2026-09-12T05:23:06.3928392Z","170.702185","46004","14372","zenserver.exe","46004:639247872218402360","Sample","1.828125","140156928","223125504",""
"94","2026-09-12T05:23:06.4181610Z","170.727507","120408","14372","EpicWebHelper.exe","120408:639247872454799320","Sample","0.218750","41467904","21549056",""
"95","2026-09-12T05:23:08.3412370Z","172.650603","102480","46004","crashpad_handler.exe","102480:639247872220006830","Sample","0.031250","34357248","1544192",""
"95","2026-09-12T05:23:08.3705650Z","172.679933","102484","14372","EpicWebHelper.exe","102484:639247872454443300","Sample","4.609375","124264448","135970816",""
"95","2026-09-12T05:23:08.3990820Z","172.708449","14372","65944","UnrealEditor","14372:639247872156630390","Sample","273.531250","3929284608","3842572288",""
"95","2026-09-12T05:23:08.4271984Z","172.736565","93660","14372","EpicWebHelper.exe","93660:639247873592106100","Sample","0.031250","38871040","25460736",""
"95","2026-09-12T05:23:08.4556694Z","172.765037","51796","14372","EpicWebHelper.exe","51796:639247872455315220","Sample","3.703125","83132416","47546368",""
"95","2026-09-12T05:23:08.4835740Z","172.792947","117716","14372","EpicWebHelper.exe","117716:639247872454980310","Sample","0.062500","28655616","19226624",""
"95","2026-09-12T05:23:08.5109817Z","172.820349","46004","14372","zenserver.exe","46004:639247872218402360","Sample","1.859375","140152832","223121408",""
"95","2026-09-12T05:23:08.5367777Z","172.846153","120408","14372","EpicWebHelper.exe","120408:639247872454799320","Sample","0.234375","41496576","21569536",""
"96","2026-09-12T05:23:10.6384719Z","174.947862","102480","46004","crashpad_handler.exe","102480:639247872220006830","Sample","0.031250","34357248","1544192",""
"96","2026-09-12T05:23:10.6732292Z","174.982620","102484","14372","EpicWebHelper.exe","102484:639247872454443300","Sample","4.953125","124264448","140062720",""
"96","2026-09-12T05:23:10.7020809Z","175.011471","14372","65944","UnrealEditor","14372:639247872156630390","Sample","278.031250","3929309184","3842596864",""
"96","2026-09-12T05:23:10.7290586Z","175.038450","93660","14372","EpicWebHelper.exe","93660:639247873592106100","Sample","0.031250","38875136","25460736",""
"96","2026-09-12T05:23:10.7550830Z","175.064473","51796","14372","EpicWebHelper.exe","51796:639247872455315220","Sample","4.078125","70717440","49381376",""
"96","2026-09-12T05:23:10.7888316Z","175.098224","117716","14372","EpicWebHelper.exe","117716:639247872454980310","Sample","0.062500","28655616","19226624",""
"96","2026-09-12T05:23:10.8208255Z","175.130218","46004","14372","zenserver.exe","46004:639247872218402360","Sample","1.859375","140165120","223121408",""
"96","2026-09-12T05:23:10.8508347Z","175.160228","120408","14372","EpicWebHelper.exe","120408:639247872454799320","Sample","0.234375","41480192","21553152",""
"97","2026-09-12T05:23:12.9394333Z","177.248847","102480","46004","crashpad_handler.exe","102480:639247872220006830","Sample","0.031250","34357248","1544192",""
"97","2026-09-12T05:23:12.9806082Z","177.290025","102484","14372","EpicWebHelper.exe","102484:639247872454443300","Sample","5.406250","124301312","140115968",""
"97","2026-09-12T05:23:13.0188134Z","177.328229","14372","65944","UnrealEditor","14372:639247872156630390","Sample","281.890625","3929411584","3842699264",""
"97","2026-09-12T05:23:13.0510381Z","177.360455","93660","14372","EpicWebHelper.exe","93660:639247873592106100","Sample","0.031250","38875136","25460736",""
"97","2026-09-12T05:23:13.0848511Z","177.394272","51796","14372","EpicWebHelper.exe","51796:639247872455315220","Sample","4.390625","71548928","49188864",""
"97","2026-09-12T05:23:13.1152892Z","177.424706","117716","14372","EpicWebHelper.exe","117716:639247872454980310","Sample","0.062500","28655616","19226624",""
"97","2026-09-12T05:23:13.1490288Z","177.458447","46004","14372","zenserver.exe","46004:639247872218402360","Sample","1.875000","140165120","223121408",""
"97","2026-09-12T05:23:13.1804948Z","177.489912","120408","14372","EpicWebHelper.exe","120408:639247872454799320","Sample","0.234375","41480192","21553152",""
"98","2026-09-12T05:23:15.2573982Z","179.566836","102480","46004","crashpad_handler.exe","102480:639247872220006830","Sample","0.031250","34357248","1544192",""
"98","2026-09-12T05:23:15.2859137Z","179.595352","102484","14372","EpicWebHelper.exe","102484:639247872454443300","Sample","5.859375","124301312","140111872",""
"98","2026-09-12T05:23:15.3160419Z","179.625481","14372","65944","UnrealEditor","14372:639247872156630390","Sample","285.937500","3929489408","3843026944",""
"98","2026-09-12T05:23:15.3471364Z","179.656576","93660","14372","EpicWebHelper.exe","93660:639247873592106100","Sample","0.031250","38875136","25460736",""
"98","2026-09-12T05:23:15.3794346Z","179.688874","51796","14372","EpicWebHelper.exe","51796:639247872455315220","Sample","4.734375","73019392","49963008",""
"98","2026-09-12T05:23:15.4101542Z","179.719592","117716","14372","EpicWebHelper.exe","117716:639247872454980310","Sample","0.062500","28655616","19226624",""
"98","2026-09-12T05:23:15.4383113Z","179.747751","46004","14372","zenserver.exe","46004:639247872218402360","Sample","1.875000","140165120","223121408",""
"98","2026-09-12T05:23:15.4663925Z","179.775832","120408","14372","EpicWebHelper.exe","120408:639247872454799320","Sample","0.234375","41480192","21553152",""
"99","2026-09-12T05:23:17.5056226Z","181.815083","102480","46004","crashpad_handler.exe","102480:639247872220006830","Sample","0.031250","34357248","1544192",""
"99","2026-09-12T05:23:17.5309931Z","181.840453","102484","14372","EpicWebHelper.exe","102484:639247872454443300","Sample","6.312500","124305408","140111872",""
"99","2026-09-12T05:23:17.5565679Z","181.866027","14372","65944","UnrealEditor","14372:639247872156630390","Sample","289.921875","3925106688","3838439424",""
"99","2026-09-12T05:23:17.5806603Z","181.890121","93660","14372","EpicWebHelper.exe","93660:639247873592106100","Sample","0.031250","38875136","25460736",""
"99","2026-09-12T05:23:17.6052908Z","181.914751","51796","14372","EpicWebHelper.exe","51796:639247872455315220","Sample","5.093750","73568256","49614848",""
"99","2026-09-12T05:23:17.6294040Z","181.938865","117716","14372","EpicWebHelper.exe","117716:639247872454980310","Sample","0.062500","28655616","19226624",""
"99","2026-09-12T05:23:17.6555022Z","181.964966","46004","14372","zenserver.exe","46004:639247872218402360","Sample","1.875000","140165120","223121408",""
"99","2026-09-12T05:23:17.6802062Z","181.989667","120408","14372","EpicWebHelper.exe","120408:639247872454799320","Sample","0.234375","41496576","21585920",""
"100","2026-09-12T05:23:19.6723457Z","183.981827","102480","46004","crashpad_handler.exe","102480:639247872220006830","Sample","0.031250","34357248","1544192",""
"100","2026-09-12T05:23:19.6990180Z","184.008502","102484","14372","EpicWebHelper.exe","102484:639247872454443300","Sample","6.984375","128405504","140111872",""
"100","2026-09-12T05:23:19.7256138Z","184.035096","14372","65944","UnrealEditor","14372:639247872156630390","Sample","293.234375","3929247744","3842764800",""
"100","2026-09-12T05:23:19.7486295Z","184.058112","93660","14372","EpicWebHelper.exe","93660:639247873592106100","Sample","0.031250","38875136","25460736",""
"100","2026-09-12T05:23:19.7731620Z","184.082647","51796","14372","EpicWebHelper.exe","51796:639247872455315220","Sample","5.484375","74645504","49668096",""
"100","2026-09-12T05:23:19.7966048Z","184.106088","117716","14372","EpicWebHelper.exe","117716:639247872454980310","Sample","0.062500","28655616","19226624",""
"100","2026-09-12T05:23:19.8251073Z","184.134591","46004","14372","zenserver.exe","46004:639247872218402360","Sample","1.875000","140165120","223121408",""
"100","2026-09-12T05:23:19.8518883Z","184.161373","120408","14372","EpicWebHelper.exe","120408:639247872454799320","Sample","0.234375","41496576","21585920",""
"101","2026-09-12T05:23:21.8203145Z","186.129818","102480","46004","crashpad_handler.exe","102480:639247872220006830","Sample","0.031250","34357248","1544192",""
"101","2026-09-12T05:23:21.8453150Z","186.154819","102484","14372","EpicWebHelper.exe","102484:639247872454443300","Sample","7.609375","124309504","140111872",""
"101","2026-09-12T05:23:21.8691058Z","186.178610","14372","65944","UnrealEditor","14372:639247872156630390","Sample","296.812500","3925127168","3838476288",""
"101","2026-09-12T05:23:21.8937308Z","186.203235","93660","14372","EpicWebHelper.exe","93660:639247873592106100","Sample","0.031250","38875136","25460736",""
"101","2026-09-12T05:23:21.9198355Z","186.229340","51796","14372","EpicWebHelper.exe","51796:639247872455315220","Sample","5.703125","75681792","49745920",""
"101","2026-09-12T05:23:21.9446803Z","186.254185","117716","14372","EpicWebHelper.exe","117716:639247872454980310","Sample","0.062500","28655616","19226624",""
"101","2026-09-12T05:23:21.9773026Z","186.286809","46004","14372","zenserver.exe","46004:639247872218402360","Sample","1.890625","140169216","223125504",""
"101","2026-09-12T05:23:22.0041598Z","186.313666","120408","14372","EpicWebHelper.exe","120408:639247872454799320","Sample","0.234375","41496576","21585920",""
"102","2026-09-12T05:23:24.0057863Z","188.315313","102480","46004","crashpad_handler.exe","102480:639247872220006830","Sample","0.031250","34357248","1544192",""
"102","2026-09-12T05:23:24.0238667Z","188.333393","102484","14372","EpicWebHelper.exe","102484:639247872454443300","Sample","8.015625","124309504","140111872",""
"102","2026-09-12T05:23:24.0475808Z","188.357107","14372","65944","UnrealEditor","14372:639247872156630390","Sample","300.828125","3925127168","3838476288",""
"102","2026-09-12T05:23:24.0694740Z","188.379001","93660","14372","EpicWebHelper.exe","93660:639247873592106100","Sample","0.031250","38875136","25460736",""
"102","2026-09-12T05:23:24.0956033Z","188.405131","51796","14372","EpicWebHelper.exe","51796:639247872455315220","Sample","6.046875","76505088","49979392",""
"102","2026-09-12T05:23:24.1192281Z","188.428755","117716","14372","EpicWebHelper.exe","117716:639247872454980310","Sample","0.062500","28655616","19226624",""
"102","2026-09-12T05:23:24.1424906Z","188.452022","46004","14372","zenserver.exe","46004:639247872218402360","Sample","1.906250","140173312","223125504",""
"102","2026-09-12T05:23:24.1665956Z","188.476123","120408","14372","EpicWebHelper.exe","120408:639247872454799320","Sample","0.234375","41496576","21585920",""
"103","2026-09-12T05:23:25.9750759Z","190.284622","102480","46004","crashpad_handler.exe","102480:639247872220006830","Sample","0.031250","34357248","1544192",""
"103","2026-09-12T05:23:26.0000496Z","190.309597","102484","14372","EpicWebHelper.exe","102484:639247872454443300","Sample","8.468750","124309504","140111872",""
"103","2026-09-12T05:23:26.0245113Z","190.334058","14372","65944","UnrealEditor","14372:639247872156630390","Sample","304.046875","3929268224","3842801664",""
"103","2026-09-12T05:23:26.0491575Z","190.358704","93660","14372","EpicWebHelper.exe","93660:639247873592106100","Sample","0.031250","38875136","25460736",""
"103","2026-09-12T05:23:26.0705050Z","190.380052","51796","14372","EpicWebHelper.exe","51796:639247872455315220","Sample","6.359375","77811712","50335744",""
"103","2026-09-12T05:23:26.0935521Z","190.403100","117716","14372","EpicWebHelper.exe","117716:639247872454980310","Sample","0.062500","28655616","19226624",""
"103","2026-09-12T05:23:26.1168425Z","190.426390","46004","14372","zenserver.exe","46004:639247872218402360","Sample","1.937500","140173312","223121408",""
"103","2026-09-12T05:23:26.1409198Z","190.450467","120408","14372","EpicWebHelper.exe","120408:639247872454799320","Sample","0.234375","41496576","21585920",""
"104","2026-09-12T05:23:28.0813990Z","192.390970","102480","46004","crashpad_handler.exe","102480:639247872220006830","Sample","0.031250","34357248","1544192",""
"104","2026-09-12T05:23:28.1034946Z","192.413066","102484","14372","EpicWebHelper.exe","102484:639247872454443300","Sample","9.015625","124309504","140115968",""
"104","2026-09-12T05:23:28.1269360Z","192.436505","14372","65944","UnrealEditor","14372:639247872156630390","Sample","306.968750","3929284608","3842818048",""
"104","2026-09-12T05:23:28.1487600Z","192.458328","93660","14372","EpicWebHelper.exe","93660:639247873592106100","Sample","0.031250","38875136","25460736",""
"104","2026-09-12T05:23:28.1723421Z","192.481914","51796","14372","EpicWebHelper.exe","51796:639247872455315220","Sample","6.687500","78827520","51752960",""
"104","2026-09-12T05:23:28.1930221Z","192.502600","117716","14372","EpicWebHelper.exe","117716:639247872454980310","Sample","0.062500","28655616","19226624",""
"104","2026-09-12T05:23:28.2180738Z","192.527643","46004","14372","zenserver.exe","46004:639247872218402360","Sample","1.953125","140173312","223121408",""
"104","2026-09-12T05:23:28.2413978Z","192.550968","120408","14372","EpicWebHelper.exe","120408:639247872454799320","Sample","0.281250","41598976","21676032",""
"105","2026-09-12T05:23:29.9980433Z","194.307630","102480","46004","crashpad_handler.exe","102480:639247872220006830","Sample","0.031250","34357248","1544192",""
"105","2026-09-12T05:23:30.0220361Z","194.331624","102484","14372","EpicWebHelper.exe","102484:639247872454443300","Sample","9.296875","124309504","140115968",""
"105","2026-09-12T05:23:30.0450531Z","194.354641","14372","65944","UnrealEditor","14372:639247872156630390","Sample","310.140625","3931267072","3842809856",""
"105","2026-09-12T05:23:30.0666196Z","194.376208","93660","14372","EpicWebHelper.exe","93660:639247873592106100","Sample","0.031250","38875136","25460736",""
"105","2026-09-12T05:23:30.0918849Z","194.401474","51796","14372","EpicWebHelper.exe","51796:639247872455315220","Sample","7.031250","79110144","51793920",""
"105","2026-09-12T05:23:30.1140721Z","194.423666","117716","14372","EpicWebHelper.exe","117716:639247872454980310","Sample","0.062500","28655616","19226624",""
"105","2026-09-12T05:23:30.1399329Z","194.449523","46004","14372","zenserver.exe","46004:639247872218402360","Sample","1.953125","140177408","223125504",""
"105","2026-09-12T05:23:30.1629999Z","194.472597","120408","14372","EpicWebHelper.exe","120408:639247872454799320","Sample","0.281250","42450944","21671936",""
"106","2026-09-12T05:23:32.0136687Z","196.323278","102480","46004","crashpad_handler.exe","102480:639247872220006830","Sample","0.031250","34357248","1544192",""
"106","2026-09-12T05:23:32.0357742Z","196.345383","102484","14372","EpicWebHelper.exe","102484:639247872454443300","Sample","9.609375","132505600","144220160",""
"106","2026-09-12T05:23:32.0599425Z","196.369552","14372","65944","UnrealEditor","14372:639247872156630390","Sample","313.953125","3929268224","3842801664",""
"106","2026-09-12T05:23:32.0823158Z","196.391937","93660","14372","EpicWebHelper.exe","93660:639247873592106100","Sample","0.031250","38875136","25460736",""
"106","2026-09-12T05:23:32.1039896Z","196.413599","51796","14372","EpicWebHelper.exe","51796:639247872455315220","Sample","7.296875","79335424","51798016",""
"106","2026-09-12T05:23:32.1274127Z","196.437022","117716","14372","EpicWebHelper.exe","117716:639247872454980310","Sample","0.078125","28655616","19226624",""
"106","2026-09-12T05:23:32.1492257Z","196.458836","46004","14372","zenserver.exe","46004:639247872218402360","Sample","1.984375","140177408","223125504",""
"106","2026-09-12T05:23:32.1732011Z","196.482812","120408","14372","EpicWebHelper.exe","120408:639247872454799320","Sample","0.296875","42450944","21671936",""
"107","2026-09-12T05:23:34.0577621Z","198.367391","102480","46004","crashpad_handler.exe","102480:639247872220006830","Sample","0.031250","34357248","1544192",""
"107","2026-09-12T05:23:34.0814889Z","198.391120","102484","14372","EpicWebHelper.exe","102484:639247872454443300","Sample","10.015625","128405504","140115968",""
"107","2026-09-12T05:23:34.1039747Z","198.413605","14372","65944","UnrealEditor","14372:639247872156630390","Sample","317.578125","3929272320","3842801664",""
"107","2026-09-12T05:23:34.1241075Z","198.433738","93660","14372","EpicWebHelper.exe","93660:639247873592106100","Sample","0.031250","38875136","25460736",""
"107","2026-09-12T05:23:34.1474857Z","198.457119","51796","14372","EpicWebHelper.exe","51796:639247872455315220","Sample","7.703125","79548416","51851264",""
"107","2026-09-12T05:23:34.1701635Z","198.479795","117716","14372","EpicWebHelper.exe","117716:639247872454980310","Sample","0.078125","28655616","19226624",""
"107","2026-09-12T05:23:34.1953092Z","198.504940","46004","14372","zenserver.exe","46004:639247872218402360","Sample","1.984375","140177408","223125504",""
"107","2026-09-12T05:23:34.2189973Z","198.528629","120408","14372","EpicWebHelper.exe","120408:639247872454799320","Sample","0.296875","42491904","21635072",""
"108","2026-09-12T05:23:36.0789274Z","200.388579","102480","46004","crashpad_handler.exe","102480:639247872220006830","Sample","0.031250","34357248","1544192",""
"108","2026-09-12T05:23:36.1015426Z","200.411193","102484","14372","EpicWebHelper.exe","102484:639247872454443300","Sample","10.406250","124309504","140115968",""
"108","2026-09-12T05:23:36.1253734Z","200.435024","14372","65944","UnrealEditor","14372:639247872156630390","Sample","321.281250","3929272320","3842801664",""
"108","2026-09-12T05:23:36.1470058Z","200.456657","93660","14372","EpicWebHelper.exe","93660:639247873592106100","Sample","0.031250","38875136","25460736",""
"108","2026-09-12T05:23:36.1709910Z","200.480643","51796","14372","EpicWebHelper.exe","51796:639247872455315220","Sample","8.078125","79835136","51884032",""
"108","2026-09-12T05:23:36.1917687Z","200.501420","117716","14372","EpicWebHelper.exe","117716:639247872454980310","Sample","0.078125","28655616","19226624",""
"108","2026-09-12T05:23:36.2149879Z","200.524639","46004","14372","zenserver.exe","46004:639247872218402360","Sample","2.015625","140177408","223125504",""
"108","2026-09-12T05:23:36.2369745Z","200.546626","120408","14372","EpicWebHelper.exe","120408:639247872454799320","Sample","0.296875","42491904","21635072",""
"109","2026-09-12T05:23:38.0998525Z","202.409526","102480","46004","crashpad_handler.exe","102480:639247872220006830","Sample","0.031250","34357248","1544192",""
"109","2026-09-12T05:23:38.1218909Z","202.431563","102484","14372","EpicWebHelper.exe","102484:639247872454443300","Sample","10.734375","124309504","140111872",""
"109","2026-09-12T05:23:38.1445568Z","202.454228","14372","65944","UnrealEditor","14372:639247872156630390","Sample","325.000000","3929272320","3842801664",""
"109","2026-09-12T05:23:38.1667495Z","202.476421","93660","14372","EpicWebHelper.exe","93660:639247873592106100","Sample","0.031250","38875136","25460736",""
"109","2026-09-12T05:23:38.1894030Z","202.499075","51796","14372","EpicWebHelper.exe","51796:639247872455315220","Sample","8.359375","79958016","51937280",""
"109","2026-09-12T05:23:38.2109985Z","202.520670","117716","14372","EpicWebHelper.exe","117716:639247872454980310","Sample","0.078125","28655616","19226624",""
"109","2026-09-12T05:23:38.2325541Z","202.542229","46004","14372","zenserver.exe","46004:639247872218402360","Sample","2.015625","140173312","223121408",""
"109","2026-09-12T05:23:38.2555533Z","202.565227","120408","14372","EpicWebHelper.exe","120408:639247872454799320","Sample","0.296875","42491904","21635072",""
"110","2026-09-12T05:23:40.0033727Z","204.313063","102480","46004","crashpad_handler.exe","102480:639247872220006830","Sample","0.031250","34357248","1544192",""
"110","2026-09-12T05:23:40.0249362Z","204.334628","102484","14372","EpicWebHelper.exe","102484:639247872454443300","Sample","11.031250","128405504","140115968",""
"110","2026-09-12T05:23:40.0465983Z","204.356289","14372","65944","UnrealEditor","14372:639247872156630390","Sample","328.171875","3929280512","3842801664",""
"110","2026-09-12T05:23:40.0679927Z","204.377691","93660","14372","EpicWebHelper.exe","93660:639247873592106100","Sample","0.031250","38817792","25354240",""
"110","2026-09-12T05:23:40.0898321Z","204.399524","51796","14372","EpicWebHelper.exe","51796:639247872455315220","Sample","8.609375","80289792","52158464",""
"110","2026-09-12T05:23:40.1107429Z","204.420435","117716","14372","EpicWebHelper.exe","117716:639247872454980310","Sample","0.078125","28655616","19226624",""
"110","2026-09-12T05:23:40.1310645Z","204.440757","46004","14372","zenserver.exe","46004:639247872218402360","Sample","2.046875","140177408","223125504",""
"110","2026-09-12T05:23:40.1525701Z","204.462262","120408","14372","EpicWebHelper.exe","120408:639247872454799320","Sample","0.296875","42496000","21635072",""
"111","2026-09-12T05:23:41.8724878Z","206.182197","102480","46004","crashpad_handler.exe","102480:639247872220006830","Sample","0.031250","34357248","1544192",""
"111","2026-09-12T05:23:41.8963623Z","206.206073","102484","14372","EpicWebHelper.exe","102484:639247872454443300","Sample","11.250000","124309504","140111872",""
"111","2026-09-12T05:23:41.9180896Z","206.227800","14372","65944","UnrealEditor","14372:639247872156630390","Sample","331.312500","3929387008","3842826240",""
"111","2026-09-12T05:23:41.9400408Z","206.249752","93660","14372","EpicWebHelper.exe","93660:639247873592106100","Sample","0.031250","38821888","25358336",""
"111","2026-09-12T05:23:41.9614766Z","206.271187","51796","14372","EpicWebHelper.exe","51796:639247872455315220","Sample","8.812500","80986112","52580352",""
"111","2026-09-12T05:23:41.9840975Z","206.293809","117716","14372","EpicWebHelper.exe","117716:639247872454980310","Sample","0.078125","28655616","19226624",""
"111","2026-09-12T05:23:42.0082846Z","206.317996","46004","14372","zenserver.exe","46004:639247872218402360","Sample","2.078125","140177408","223125504",""
"111","2026-09-12T05:23:42.0309041Z","206.340616","120408","14372","EpicWebHelper.exe","120408:639247872454799320","Sample","0.296875","42496000","21635072",""
"112","2026-09-12T05:23:43.6904988Z","208.000227","102480","46004","crashpad_handler.exe","102480:639247872220006830","Sample","0.031250","34357248","1544192",""
"112","2026-09-12T05:23:43.7116529Z","208.021384","102484","14372","EpicWebHelper.exe","102484:639247872454443300","Sample","11.343750","124780544","140115968",""
"112","2026-09-12T05:23:43.7333837Z","208.043113","14372","65944","UnrealEditor","14372:639247872156630390","Sample","334.140625","3931369472","3842834432",""
"112","2026-09-12T05:23:43.7533637Z","208.063094","93660","14372","EpicWebHelper.exe","93660:639247873592106100","Sample","0.031250","38821888","25358336",""
"112","2026-09-12T05:23:43.7744245Z","208.084158","51796","14372","EpicWebHelper.exe","51796:639247872455315220","Sample","9.078125","81108992","52592640",""
"112","2026-09-12T05:23:43.7992927Z","208.109023","117716","14372","EpicWebHelper.exe","117716:639247872454980310","Sample","0.078125","28655616","19226624",""
"112","2026-09-12T05:23:43.8220328Z","208.131763","46004","14372","zenserver.exe","46004:639247872218402360","Sample","2.093750","140173312","223121408",""
"112","2026-09-12T05:23:43.8427333Z","208.152463","120408","14372","EpicWebHelper.exe","120408:639247872454799320","Sample","0.296875","42496000","21635072",""
"113","2026-09-12T05:23:45.5830033Z","209.892752","102480","46004","crashpad_handler.exe","102480:639247872220006830","Sample","0.031250","34357248","1544192",""
"113","2026-09-12T05:23:45.6053051Z","209.915054","102484","14372","EpicWebHelper.exe","102484:639247872454443300","Sample","11.734375","128405504","140115968",""
"113","2026-09-12T05:23:45.6276006Z","209.937354","14372","65944","UnrealEditor","14372:639247872156630390","Sample","337.640625","3929387008","3842826240",""
"113","2026-09-12T05:23:45.6498927Z","209.959651","93660","14372","EpicWebHelper.exe","93660:639247873592106100","Sample","0.031250","38821888","25358336",""
"113","2026-09-12T05:23:45.6724816Z","209.982231","51796","14372","EpicWebHelper.exe","51796:639247872455315220","Sample","9.453125","81711104","53825536",""
"113","2026-09-12T05:23:45.6935552Z","210.003305","117716","14372","EpicWebHelper.exe","117716:639247872454980310","Sample","0.078125","28655616","19226624",""
"113","2026-09-12T05:23:45.7185711Z","210.028322","46004","14372","zenserver.exe","46004:639247872218402360","Sample","2.109375","140173312","223121408",""
"113","2026-09-12T05:23:45.7406499Z","210.050404","120408","14372","EpicWebHelper.exe","120408:639247872454799320","Sample","0.296875","42496000","21635072",""
"114","2026-09-12T05:23:47.5421485Z","211.851917","102480","46004","crashpad_handler.exe","102480:639247872220006830","Sample","0.031250","34357248","1544192",""
"114","2026-09-12T05:23:47.5637366Z","211.873505","102484","14372","EpicWebHelper.exe","102484:639247872454443300","Sample","12.125000","124309504","140115968",""
"114","2026-09-12T05:23:47.5879977Z","211.897772","14372","65944","UnrealEditor","14372:639247872156630390","Sample","341.093750","3927220224","3838509056",""
"114","2026-09-12T05:23:47.6087751Z","211.918544","93660","14372","EpicWebHelper.exe","93660:639247873592106100","Sample","0.031250","38821888","25358336",""
"114","2026-09-12T05:23:47.6313651Z","211.941134","51796","14372","EpicWebHelper.exe","51796:639247872455315220","Sample","9.796875","81608704","53760000",""
"114","2026-09-12T05:23:47.6533906Z","211.963160","117716","14372","EpicWebHelper.exe","117716:639247872454980310","Sample","0.078125","28655616","19226624",""
"114","2026-09-12T05:23:47.6761897Z","211.985960","46004","14372","zenserver.exe","46004:639247872218402360","Sample","2.109375","140173312","223121408",""
"114","2026-09-12T05:23:47.7001319Z","212.009902","120408","14372","EpicWebHelper.exe","120408:639247872454799320","Sample","0.296875","42496000","21635072",""
"115","2026-09-12T05:23:49.4947514Z","213.804540","102480","46004","crashpad_handler.exe","102480:639247872220006830","Sample","0.031250","34357248","1544192",""
"115","2026-09-12T05:23:49.5152665Z","213.825055","102484","14372","EpicWebHelper.exe","102484:639247872454443300","Sample","12.421875","107790336","135933952",""
"115","2026-09-12T05:23:49.5370968Z","213.846887","14372","65944","UnrealEditor","14372:639247872156630390","Sample","344.343750","3931480064","3850276864",""
"115","2026-09-12T05:23:49.5597101Z","213.869499","93660","14372","EpicWebHelper.exe","93660:639247873592106100","Sample","0.031250","38821888","25358336",""
"115","2026-09-12T05:23:49.5603352Z","213.870119","51796","14372","EpicWebHelper.exe","51796:639247872455315220","SampleFailed",,,,"Cannot find a process with the process identifier 51796."
"115","2026-09-12T05:23:49.5836374Z","213.893426","117716","14372","EpicWebHelper.exe","117716:639247872454980310","Sample","0.078125","28655616","19226624",""
"115","2026-09-12T05:23:49.6059087Z","213.915698","46004","14372","zenserver.exe","46004:639247872218402360","Sample","2.125000","140173312","223121408",""
"115","2026-09-12T05:23:49.6281745Z","213.937964","120408","14372","EpicWebHelper.exe","120408:639247872454799320","Sample","0.296875","42496000","21635072",""
"116","2026-09-12T05:23:51.3909251Z","215.700733","102480","46004","crashpad_handler.exe","102480:639247872220006830","Sample","0.031250","34357248","1544192",""
"116","2026-09-12T05:23:51.4156044Z","215.725413","102484","14372","EpicWebHelper.exe","102484:639247872454443300","Sample","12.421875","107515904","135585792",""
"116","2026-09-12T05:23:51.4383342Z","215.748142","14372","65944","UnrealEditor","14372:639247872156630390","Sample","346.859375","3950530560","3893784576",""
"116","2026-09-12T05:23:51.4621190Z","215.771929","93660","14372","EpicWebHelper.exe","93660:639247873592106100","Sample","0.031250","38821888","25358336",""
"116","2026-09-12T05:23:51.4622317Z","215.772033","51796","14372","EpicWebHelper.exe","51796:639247872455315220","Exited",,,,""
"116","2026-09-12T05:23:51.4862017Z","215.796011","117716","14372","EpicWebHelper.exe","117716:639247872454980310","Sample","0.078125","28655616","19226624",""
"116","2026-09-12T05:23:51.5089682Z","215.818779","46004","14372","zenserver.exe","46004:639247872218402360","Sample","2.140625","140173312","223121408",""
"116","2026-09-12T05:23:51.5338762Z","215.843686","120408","14372","EpicWebHelper.exe","120408:639247872454799320","Sample","0.296875","42618880","21770240",""
"117","2026-09-12T05:23:53.3027043Z","217.612533","102480","46004","crashpad_handler.exe","102480:639247872220006830","Sample","0.031250","34357248","1544192",""
"117","2026-09-12T05:23:53.3288092Z","217.638637","102484","14372","EpicWebHelper.exe","102484:639247872454443300","Sample","12.421875","107515904","135585792",""
"117","2026-09-12T05:23:53.3525235Z","217.662353","14372","65944","UnrealEditor","14372:639247872156630390","Sample","350.296875","3950546944","3893784576",""
"117","2026-09-12T05:23:53.3758652Z","217.685693","93660","14372","EpicWebHelper.exe","93660:639247873592106100","Sample","0.031250","38821888","25358336",""
"117","2026-09-12T05:23:53.4002580Z","217.710094","117716","14372","EpicWebHelper.exe","117716:639247872454980310","Sample","0.078125","28655616","19226624",""
"117","2026-09-12T05:23:53.4234570Z","217.733285","46004","14372","zenserver.exe","46004:639247872218402360","Sample","2.187500","140173312","223121408",""
"117","2026-09-12T05:23:53.4478216Z","217.757652","120408","14372","EpicWebHelper.exe","120408:639247872454799320","Sample","0.296875","42618880","21770240",""
"118","2026-09-12T05:23:55.1950721Z","219.504919","102480","46004","crashpad_handler.exe","102480:639247872220006830","Sample","0.031250","34357248","1544192",""
"118","2026-09-12T05:23:55.2180138Z","219.527861","102484","14372","EpicWebHelper.exe","102484:639247872454443300","Sample","12.421875","107515904","135585792",""
"118","2026-09-12T05:23:55.2414479Z","219.551297","14372","65944","UnrealEditor","14372:639247872156630390","Sample","353.453125","3950583808","3893776384",""
"118","2026-09-12T05:23:55.2647569Z","219.574605","93660","14372","EpicWebHelper.exe","93660:639247873592106100","Sample","0.031250","38821888","25358336",""
"118","2026-09-12T05:23:55.2899026Z","219.599751","117716","14372","EpicWebHelper.exe","117716:639247872454980310","Sample","0.078125","28655616","19226624",""
"118","2026-09-12T05:23:55.3133399Z","219.623189","46004","14372","zenserver.exe","46004:639247872218402360","Sample","2.203125","140177408","223125504",""
"118","2026-09-12T05:23:55.3388467Z","219.648696","120408","14372","EpicWebHelper.exe","120408:639247872454799320","Sample","0.296875","42569728","21708800",""
"119","2026-09-12T05:23:57.1246022Z","221.434470","102480","46004","crashpad_handler.exe","102480:639247872220006830","Sample","0.031250","34357248","1544192",""
"119","2026-09-12T05:23:57.1488355Z","221.458704","102484","14372","EpicWebHelper.exe","102484:639247872454443300","Sample","12.421875","107515904","135585792",""
"119","2026-09-12T05:23:57.1733652Z","221.483234","14372","65944","UnrealEditor","14372:639247872156630390","Sample","356.375000","3950583808","3893776384",""
"119","2026-09-12T05:23:57.1977466Z","221.507615","93660","14372","EpicWebHelper.exe","93660:639247873592106100","Sample","0.031250","38821888","25358336",""
"119","2026-09-12T05:23:57.2220393Z","221.531910","117716","14372","EpicWebHelper.exe","117716:639247872454980310","Sample","0.078125","28655616","19226624",""
"119","2026-09-12T05:23:57.2466826Z","221.556550","46004","14372","zenserver.exe","46004:639247872218402360","Sample","2.218750","140173312","223121408",""
"119","2026-09-12T05:23:57.2702474Z","221.580117","120408","14372","EpicWebHelper.exe","120408:639247872454799320","Sample","0.296875","42569728","21708800",""
"120","2026-09-12T05:23:59.0471935Z","223.357080","102480","46004","crashpad_handler.exe","102480:639247872220006830","Sample","0.031250","34357248","1544192",""
"120","2026-09-12T05:23:59.0705632Z","223.380453","102484","14372","EpicWebHelper.exe","102484:639247872454443300","Sample","12.421875","107515904","135585792",""
"120","2026-09-12T05:23:59.0954801Z","223.405370","14372","65944","UnrealEditor","14372:639247872156630390","Sample","359.781250","3950583808","3893776384",""
"120","2026-09-12T05:23:59.1205242Z","223.430413","93660","14372","EpicWebHelper.exe","93660:639247873592106100","Sample","0.031250","38821888","25358336",""
"120","2026-09-12T05:23:59.1441394Z","223.454031","117716","14372","EpicWebHelper.exe","117716:639247872454980310","Sample","0.078125","28655616","19226624",""
"120","2026-09-12T05:23:59.1696160Z","223.479515","46004","14372","zenserver.exe","46004:639247872218402360","Sample","2.250000","140173312","223121408",""
"120","2026-09-12T05:23:59.1933255Z","223.503215","120408","14372","EpicWebHelper.exe","120408:639247872454799320","Sample","0.296875","42569728","21708800",""
"121","2026-09-12T05:24:00.9731777Z","225.283085","102480","46004","crashpad_handler.exe","102480:639247872220006830","Sample","0.031250","34357248","1544192",""
"121","2026-09-12T05:24:01.0022024Z","225.312120","102484","14372","EpicWebHelper.exe","102484:639247872454443300","Sample","12.421875","107515904","135585792",""
"121","2026-09-12T05:24:01.0286252Z","225.338533","14372","65944","UnrealEditor","14372:639247872156630390","Sample","363.234375","3950583808","3893776384",""
"121","2026-09-12T05:24:01.0546321Z","225.364541","93660","14372","EpicWebHelper.exe","93660:639247873592106100","Sample","0.031250","38821888","25358336",""
"121","2026-09-12T05:24:01.0808002Z","225.390709","117716","14372","EpicWebHelper.exe","117716:639247872454980310","Sample","0.078125","28655616","19226624",""
"121","2026-09-12T05:24:01.1052322Z","225.415142","46004","14372","zenserver.exe","46004:639247872218402360","Sample","2.250000","140173312","223121408",""
"121","2026-09-12T05:24:01.1308689Z","225.440778","120408","14372","EpicWebHelper.exe","120408:639247872454799320","Sample","0.312500","42590208","21729280",""
"122","2026-09-12T05:24:02.9342743Z","227.244203","102480","46004","crashpad_handler.exe","102480:639247872220006830","Sample","0.031250","34357248","1544192",""
"122","2026-09-12T05:24:02.9595122Z","227.269439","102484","14372","EpicWebHelper.exe","102484:639247872454443300","Sample","12.421875","107515904","135585792",""
"122","2026-09-12T05:24:02.9835700Z","227.293498","14372","65944","UnrealEditor","14372:639247872156630390","Sample","366.765625","3950583808","3893776384",""
"122","2026-09-12T05:24:03.0106602Z","227.320590","93660","14372","EpicWebHelper.exe","93660:639247873592106100","Sample","0.031250","38821888","25358336",""
"122","2026-09-12T05:24:03.0360995Z","227.346028","117716","14372","EpicWebHelper.exe","117716:639247872454980310","Sample","0.078125","28655616","19226624",""
"122","2026-09-12T05:24:03.0619417Z","227.371871","46004","14372","zenserver.exe","46004:639247872218402360","Sample","2.250000","140173312","223121408",""
"122","2026-09-12T05:24:03.0881053Z","227.398034","120408","14372","EpicWebHelper.exe","120408:639247872454799320","Sample","0.312500","42569728","21708800",""
"123","2026-09-12T05:24:04.8396991Z","229.149646","102480","46004","crashpad_handler.exe","102480:639247872220006830","Sample","0.031250","34357248","1544192",""
"123","2026-09-12T05:24:04.8622324Z","229.172182","102484","14372","EpicWebHelper.exe","102484:639247872454443300","Sample","12.421875","107515904","135585792",""
"123","2026-09-12T05:24:04.8861386Z","229.196086","14372","65944","UnrealEditor","14372:639247872156630390","Sample","370.203125","3950665728","3893776384",""
"123","2026-09-12T05:24:04.9089226Z","229.218870","93660","14372","EpicWebHelper.exe","93660:639247873592106100","Sample","0.031250","38821888","25358336",""
"123","2026-09-12T05:24:04.9314564Z","229.241404","117716","14372","EpicWebHelper.exe","117716:639247872454980310","Sample","0.078125","28655616","19226624",""
"123","2026-09-12T05:24:04.9555995Z","229.265548","46004","14372","zenserver.exe","46004:639247872218402360","Sample","2.265625","140173312","223121408",""
"123","2026-09-12T05:24:04.9775497Z","229.287500","120408","14372","EpicWebHelper.exe","120408:639247872454799320","Sample","0.312500","42569728","21708800",""
"124","2026-09-12T05:24:06.7664107Z","231.076378","102480","46004","crashpad_handler.exe","102480:639247872220006830","Sample","0.031250","34357248","1544192",""
"124","2026-09-12T05:24:06.7910927Z","231.101060","102484","14372","EpicWebHelper.exe","102484:639247872454443300","Sample","12.421875","107515904","135585792",""
"124","2026-09-12T05:24:06.8193898Z","231.129359","14372","65944","UnrealEditor","14372:639247872156630390","Sample","373.828125","3950706688","3893776384",""
"124","2026-09-12T05:24:06.8481138Z","231.158083","93660","14372","EpicWebHelper.exe","93660:639247873592106100","Sample","0.031250","38821888","25358336",""
"124","2026-09-12T05:24:06.8774214Z","231.187388","117716","14372","EpicWebHelper.exe","117716:639247872454980310","Sample","0.078125","28655616","19226624",""
"124","2026-09-12T05:24:06.9088917Z","231.218864","46004","14372","zenserver.exe","46004:639247872218402360","Sample","2.265625","140173312","223121408",""
"124","2026-09-12T05:24:06.9348401Z","231.244810","120408","14372","EpicWebHelper.exe","120408:639247872454799320","Sample","0.312500","42569728","21708800",""
"125","2026-09-12T05:24:08.6930456Z","233.003033","102480","46004","crashpad_handler.exe","102480:639247872220006830","Sample","0.031250","34357248","1544192",""
"125","2026-09-12T05:24:08.7177772Z","233.027763","102484","14372","EpicWebHelper.exe","102484:639247872454443300","Sample","12.421875","107515904","135585792",""
"125","2026-09-12T05:24:08.7416915Z","233.051680","14372","65944","UnrealEditor","14372:639247872156630390","Sample","376.609375","3950706688","3893776384",""
"125","2026-09-12T05:24:08.7673335Z","233.077322","93660","14372","EpicWebHelper.exe","93660:639247873592106100","Sample","0.031250","38821888","25358336",""
"125","2026-09-12T05:24:08.7893479Z","233.099339","117716","14372","EpicWebHelper.exe","117716:639247872454980310","Sample","0.078125","28655616","19226624",""
"125","2026-09-12T05:24:08.8135316Z","233.123523","46004","14372","zenserver.exe","46004:639247872218402360","Sample","2.281250","140173312","223121408",""
"125","2026-09-12T05:24:08.8374067Z","233.147395","120408","14372","EpicWebHelper.exe","120408:639247872454799320","Sample","0.312500","42569728","21708800",""
"126","2026-09-12T05:24:10.5454057Z","234.855413","102480","46004","crashpad_handler.exe","102480:639247872220006830","Sample","0.031250","34357248","1544192",""
"126","2026-09-12T05:24:10.5704704Z","234.880487","102484","14372","EpicWebHelper.exe","102484:639247872454443300","Sample","12.421875","107515904","135585792",""
"126","2026-09-12T05:24:10.5985979Z","234.908614","14372","65944","UnrealEditor","14372:639247872156630390","Sample","379.500000","3950706688","3893776384",""
"126","2026-09-12T05:24:10.6280840Z","234.938090","93660","14372","EpicWebHelper.exe","93660:639247873592106100","Sample","0.031250","38821888","25358336",""
"126","2026-09-12T05:24:10.6531099Z","234.963117","117716","14372","EpicWebHelper.exe","117716:639247872454980310","Sample","0.078125","28655616","19226624",""
"126","2026-09-12T05:24:10.6793195Z","234.989327","46004","14372","zenserver.exe","46004:639247872218402360","Sample","2.281250","140173312","223121408",""
"126","2026-09-12T05:24:10.7038733Z","235.013883","120408","14372","EpicWebHelper.exe","120408:639247872454799320","Sample","0.312500","42569728","21708800",""
"127","2026-09-12T05:24:12.5126467Z","236.822672","102480","46004","crashpad_handler.exe","102480:639247872220006830","Sample","0.031250","34357248","1544192",""
"127","2026-09-12T05:24:12.5344036Z","236.844429","102484","14372","EpicWebHelper.exe","102484:639247872454443300","Sample","12.421875","107515904","135585792",""
"127","2026-09-12T05:24:12.5560747Z","236.866104","14372","65944","UnrealEditor","14372:639247872156630390","Sample","382.765625","3950727168","3893776384",""
"127","2026-09-12T05:24:12.5783987Z","236.888426","93660","14372","EpicWebHelper.exe","93660:639247873592106100","Sample","0.031250","38821888","25358336",""
"127","2026-09-12T05:24:12.6004661Z","236.910493","117716","14372","EpicWebHelper.exe","117716:639247872454980310","Sample","0.078125","28655616","19226624",""
"127","2026-09-12T05:24:12.6223027Z","236.932331","46004","14372","zenserver.exe","46004:639247872218402360","Sample","2.281250","140177408","223125504",""
"127","2026-09-12T05:24:12.6442747Z","236.954302","120408","14372","EpicWebHelper.exe","120408:639247872454799320","Sample","0.312500","42569728","21708800",""
"128","2026-09-12T05:24:14.4347907Z","238.744836","102480","46004","crashpad_handler.exe","102480:639247872220006830","Sample","0.031250","34357248","1544192",""
"128","2026-09-12T05:24:14.4583546Z","238.768401","102484","14372","EpicWebHelper.exe","102484:639247872454443300","Sample","12.421875","107515904","135585792",""
"128","2026-09-12T05:24:14.4797435Z","238.789789","14372","65944","UnrealEditor","14372:639247872156630390","Sample","385.609375","3950768128","3893776384",""
"128","2026-09-12T05:24:14.5021927Z","238.812238","93660","14372","EpicWebHelper.exe","93660:639247873592106100","Sample","0.031250","38821888","25358336",""
"128","2026-09-12T05:24:14.5243659Z","238.834412","117716","14372","EpicWebHelper.exe","117716:639247872454980310","Sample","0.078125","28655616","19226624",""
"128","2026-09-12T05:24:14.5472513Z","238.857298","46004","14372","zenserver.exe","46004:639247872218402360","Sample","2.281250","140177408","223121408",""
"128","2026-09-12T05:24:14.5697693Z","238.879816","120408","14372","EpicWebHelper.exe","120408:639247872454799320","Sample","0.312500","42569728","21708800",""
"129","2026-09-12T05:24:16.3565247Z","240.666599","102480","46004","crashpad_handler.exe","102480:639247872220006830","Sample","0.031250","34357248","1544192",""
"129","2026-09-12T05:24:16.3836868Z","240.693753","102484","14372","EpicWebHelper.exe","102484:639247872454443300","Sample","12.421875","107515904","135585792",""
"129","2026-09-12T05:24:16.4102203Z","240.720292","14372","65944","UnrealEditor","14372:639247872156630390","Sample","388.843750","3950497792","3892150272",""
"129","2026-09-12T05:24:16.4366650Z","240.746731","93660","14372","EpicWebHelper.exe","93660:639247873592106100","Sample","0.031250","38821888","25358336",""
"129","2026-09-12T05:24:16.4641008Z","240.774168","117716","14372","EpicWebHelper.exe","117716:639247872454980310","Sample","0.078125","28655616","19226624",""
"129","2026-09-12T05:24:16.4894077Z","240.799476","46004","14372","zenserver.exe","46004:639247872218402360","Sample","2.312500","140177408","223121408",""
"129","2026-09-12T05:24:16.5132092Z","240.823277","120408","14372","EpicWebHelper.exe","120408:639247872454799320","Sample","0.312500","42569728","21708800",""
"130","2026-09-12T05:24:18.3064602Z","242.616547","102480","46004","crashpad_handler.exe","102480:639247872220006830","Sample","0.031250","34357248","1544192",""
"130","2026-09-12T05:24:18.3299884Z","242.640074","102484","14372","EpicWebHelper.exe","102484:639247872454443300","Sample","12.421875","107515904","135585792",""
"130","2026-09-12T05:24:18.3522832Z","242.662369","14372","65944","UnrealEditor","14372:639247872156630390","Sample","392.265625","3949862912","3891515392",""
"130","2026-09-12T05:24:18.3748126Z","242.684898","93660","14372","EpicWebHelper.exe","93660:639247873592106100","Sample","0.031250","38821888","25358336",""
"130","2026-09-12T05:24:18.3982861Z","242.708377","117716","14372","EpicWebHelper.exe","117716:639247872454980310","Sample","0.078125","28655616","19226624",""
"130","2026-09-12T05:24:18.4221365Z","242.732223","46004","14372","zenserver.exe","46004:639247872218402360","Sample","2.312500","140177408","223121408",""
"130","2026-09-12T05:24:18.4435346Z","242.753629","120408","14372","EpicWebHelper.exe","120408:639247872454799320","Sample","0.312500","42569728","21708800",""
"131","2026-09-12T05:24:20.2174379Z","244.527543","102480","46004","crashpad_handler.exe","102480:639247872220006830","Sample","0.031250","34357248","1544192",""
"131","2026-09-12T05:24:20.2393571Z","244.549463","102484","14372","EpicWebHelper.exe","102484:639247872454443300","Sample","12.421875","107515904","135585792",""
"131","2026-09-12T05:24:20.2608070Z","244.570912","14372","65944","UnrealEditor","14372:639247872156630390","Sample","395.093750","3949895680","3891515392",""
"131","2026-09-12T05:24:20.2835897Z","244.593696","93660","14372","EpicWebHelper.exe","93660:639247873592106100","Sample","0.031250","38821888","25358336",""
"131","2026-09-12T05:24:20.3059225Z","244.616030","117716","14372","EpicWebHelper.exe","117716:639247872454980310","Sample","0.078125","28655616","19226624",""
"131","2026-09-12T05:24:20.3313320Z","244.641440","46004","14372","zenserver.exe","46004:639247872218402360","Sample","2.328125","140177408","223121408",""
"131","2026-09-12T05:24:20.3508305Z","244.660937","120408","14372","EpicWebHelper.exe","120408:639247872454799320","Sample","0.312500","42569728","21708800",""
"132","2026-09-12T05:24:22.1693049Z","246.479431","102480","46004","crashpad_handler.exe","102480:639247872220006830","Sample","0.031250","34357248","1544192",""
"132","2026-09-12T05:24:22.1914583Z","246.501583","102484","14372","EpicWebHelper.exe","102484:639247872454443300","Sample","12.453125","107659264","137756672",""
"132","2026-09-12T05:24:22.2174488Z","246.527574","14372","65944","UnrealEditor","14372:639247872156630390","Sample","398.125000","3949895680","3891515392",""
"132","2026-09-12T05:24:22.2405757Z","246.550702","93660","14372","EpicWebHelper.exe","93660:639247873592106100","Sample","0.031250","38821888","25358336",""
"132","2026-09-12T05:24:22.2630800Z","246.573206","117716","14372","EpicWebHelper.exe","117716:639247872454980310","Sample","0.078125","28655616","19226624",""
"132","2026-09-12T05:24:22.2855629Z","246.595690","46004","14372","zenserver.exe","46004:639247872218402360","Sample","2.343750","140185600","223121408",""
"132","2026-09-12T05:24:22.3079040Z","246.618030","120408","14372","EpicWebHelper.exe","120408:639247872454799320","Sample","0.312500","42569728","21708800",""
"133","2026-09-12T05:24:24.1137790Z","248.423926","102480","46004","crashpad_handler.exe","102480:639247872220006830","Sample","0.031250","34357248","1544192",""
"133","2026-09-12T05:24:24.1357283Z","248.445874","102484","14372","EpicWebHelper.exe","102484:639247872454443300","Sample","12.468750","107659264","137756672",""
"133","2026-09-12T05:24:24.1587176Z","248.468865","14372","65944","UnrealEditor","14372:639247872156630390","Sample","401.125000","3950116864","3891785728",""
"133","2026-09-12T05:24:24.1805751Z","248.490721","93660","14372","EpicWebHelper.exe","93660:639247873592106100","Sample","0.031250","38821888","25358336",""
"133","2026-09-12T05:24:24.2038026Z","248.513948","117716","14372","EpicWebHelper.exe","117716:639247872454980310","Sample","0.078125","28655616","19226624",""
"133","2026-09-12T05:24:24.2253313Z","248.535477","46004","14372","zenserver.exe","46004:639247872218402360","Sample","2.343750","140185600","223121408",""
"133","2026-09-12T05:24:24.2469357Z","248.557086","120408","14372","EpicWebHelper.exe","120408:639247872454799320","Sample","0.312500","42569728","21708800",""
"134","2026-09-12T05:24:25.9918861Z","250.302051","102480","46004","crashpad_handler.exe","102480:639247872220006830","Sample","0.031250","34357248","1544192",""
"134","2026-09-12T05:24:26.0144273Z","250.324592","102484","14372","EpicWebHelper.exe","102484:639247872454443300","Sample","12.500000","107659264","137756672",""
"134","2026-09-12T05:24:26.0371842Z","250.347350","14372","65944","UnrealEditor","14372:639247872156630390","Sample","404.031250","3950149632","3891785728",""
"134","2026-09-12T05:24:26.0591496Z","250.369315","93660","14372","EpicWebHelper.exe","93660:639247873592106100","Sample","0.031250","38821888","25358336",""
"134","2026-09-12T05:24:26.0821384Z","250.392304","117716","14372","EpicWebHelper.exe","117716:639247872454980310","Sample","0.078125","28655616","19226624",""
"134","2026-09-12T05:24:26.1034670Z","250.413632","46004","14372","zenserver.exe","46004:639247872218402360","Sample","2.359375","140185600","223121408",""
"134","2026-09-12T05:24:26.1250519Z","250.435218","120408","14372","EpicWebHelper.exe","120408:639247872454799320","Sample","0.312500","42569728","21708800",""
"135","2026-09-12T05:24:27.9060101Z","252.216195","102480","46004","crashpad_handler.exe","102480:639247872220006830","Sample","0.031250","34357248","1544192",""
"135","2026-09-12T05:24:27.9323934Z","252.242579","102484","14372","EpicWebHelper.exe","102484:639247872454443300","Sample","12.500000","107659264","137756672",""
"135","2026-09-12T05:24:27.9576753Z","252.267867","14372","65944","UnrealEditor","14372:639247872156630390","Sample","407.000000","3950186496","3891785728",""
"135","2026-09-12T05:24:27.9840015Z","252.294187","93660","14372","EpicWebHelper.exe","93660:639247873592106100","Sample","0.031250","38821888","25358336",""
"135","2026-09-12T05:24:28.0101161Z","252.320301","117716","14372","EpicWebHelper.exe","117716:639247872454980310","Sample","0.078125","28655616","19226624",""
"135","2026-09-12T05:24:28.0384171Z","252.348608","46004","14372","zenserver.exe","46004:639247872218402360","Sample","2.375000","140185600","223121408",""
"135","2026-09-12T05:24:28.0634085Z","252.373595","120408","14372","EpicWebHelper.exe","120408:639247872454799320","Sample","0.312500","42569728","21708800",""
"136","2026-09-12T05:24:29.8040840Z","254.114288","102480","46004","crashpad_handler.exe","102480:639247872220006830","Sample","0.031250","34357248","1544192",""
"136","2026-09-12T05:24:29.8286085Z","254.138813","102484","14372","EpicWebHelper.exe","102484:639247872454443300","Sample","12.500000","107659264","137756672",""
"136","2026-09-12T05:24:29.8541542Z","254.164359","14372","65944","UnrealEditor","14372:639247872156630390","Sample","410.296875","3950219264","3892051968",""
"136","2026-09-12T05:24:29.8797206Z","254.189939","93660","14372","EpicWebHelper.exe","93660:639247873592106100","Sample","0.031250","38821888","25358336",""
"136","2026-09-12T05:24:29.9060727Z","254.216278","117716","14372","EpicWebHelper.exe","117716:639247872454980310","Sample","0.078125","28655616","19226624",""
"136","2026-09-12T05:24:29.9318493Z","254.242055","46004","14372","zenserver.exe","46004:639247872218402360","Sample","2.375000","140189696","223125504",""
"136","2026-09-12T05:24:29.9582406Z","254.268447","120408","14372","EpicWebHelper.exe","120408:639247872454799320","Sample","0.312500","42569728","21708800",""
"137","2026-09-12T05:24:31.7867810Z","256.097009","102480","46004","crashpad_handler.exe","102480:639247872220006830","Sample","0.031250","34357248","1544192",""
"137","2026-09-12T05:24:31.8122378Z","256.122463","102484","14372","EpicWebHelper.exe","102484:639247872454443300","Sample","12.515625","107659264","137756672",""
"137","2026-09-12T05:24:31.8401860Z","256.150413","14372","65944","UnrealEditor","14372:639247872156630390","Sample","413.281250","3950510080","3892318208",""
"137","2026-09-12T05:24:31.8671599Z","256.177390","93660","14372","EpicWebHelper.exe","93660:639247873592106100","Sample","0.031250","38821888","25358336",""
"137","2026-09-12T05:24:31.8932600Z","256.203486","117716","14372","EpicWebHelper.exe","117716:639247872454980310","Sample","0.078125","28655616","19226624",""
"137","2026-09-12T05:24:31.9200713Z","256.230300","46004","14372","zenserver.exe","46004:639247872218402360","Sample","2.390625","140189696","223125504",""
"137","2026-09-12T05:24:31.9466960Z","256.256923","120408","14372","EpicWebHelper.exe","120408:639247872454799320","Sample","0.312500","42569728","21708800",""
"138","2026-09-12T05:24:33.8932468Z","258.203494","102480","46004","crashpad_handler.exe","102480:639247872220006830","Sample","0.031250","34357248","1544192",""
"138","2026-09-12T05:24:33.9207746Z","258.231021","102484","14372","EpicWebHelper.exe","102484:639247872454443300","Sample","12.546875","107659264","137756672",""
"138","2026-09-12T05:24:33.9454913Z","258.255742","14372","65944","UnrealEditor","14372:639247872156630390","Sample","416.593750","3950510080","3892318208",""
"138","2026-09-12T05:24:33.9717739Z","258.282022","93660","14372","EpicWebHelper.exe","93660:639247873592106100","Sample","0.031250","38821888","25358336",""
"138","2026-09-12T05:24:33.9996222Z","258.309869","117716","14372","EpicWebHelper.exe","117716:639247872454980310","Sample","0.078125","28655616","19226624",""
"138","2026-09-12T05:24:34.0289495Z","258.339199","46004","14372","zenserver.exe","46004:639247872218402360","Sample","2.390625","140185600","223121408",""
"138","2026-09-12T05:24:34.0556462Z","258.365895","120408","14372","EpicWebHelper.exe","120408:639247872454799320","Sample","0.312500","42569728","21708800",""
"139","2026-09-12T05:24:35.9316632Z","260.241930","102480","46004","crashpad_handler.exe","102480:639247872220006830","Sample","0.031250","34357248","1544192",""
"139","2026-09-12T05:24:35.9540090Z","260.264282","102484","14372","EpicWebHelper.exe","102484:639247872454443300","Sample","12.546875","107659264","137756672",""
"139","2026-09-12T05:24:35.9761615Z","260.286428","14372","65944","UnrealEditor","14372:639247872156630390","Sample","419.781250","3950510080","3892318208",""
"139","2026-09-12T05:24:35.9995919Z","260.309861","93660","14372","EpicWebHelper.exe","93660:639247873592106100","Sample","0.031250","38821888","25358336",""
"139","2026-09-12T05:24:36.0245572Z","260.334826","117716","14372","EpicWebHelper.exe","117716:639247872454980310","Sample","0.078125","28655616","19226624",""
"139","2026-09-12T05:24:36.0468170Z","260.357085","46004","14372","zenserver.exe","46004:639247872218402360","Sample","2.390625","140185600","223121408",""
"139","2026-09-12T05:24:36.0685703Z","260.378838","120408","14372","EpicWebHelper.exe","120408:639247872454799320","Sample","0.312500","42569728","21708800",""
"140","2026-09-12T05:24:37.8902389Z","262.200525","102480","46004","crashpad_handler.exe","102480:639247872220006830","Sample","0.031250","34357248","1544192",""
"140","2026-09-12T05:24:37.9114857Z","262.221773","102484","14372","EpicWebHelper.exe","102484:639247872454443300","Sample","12.546875","107659264","137756672",""
"140","2026-09-12T05:24:37.9331937Z","262.243481","14372","65944","UnrealEditor","14372:639247872156630390","Sample","422.609375","3950579712","3892318208",""
"140","2026-09-12T05:24:37.9547511Z","262.265039","93660","14372","EpicWebHelper.exe","93660:639247873592106100","Sample","0.031250","38821888","25358336",""
"140","2026-09-12T05:24:37.9759211Z","262.286209","117716","14372","EpicWebHelper.exe","117716:639247872454980310","Sample","0.078125","28655616","19226624",""
"140","2026-09-12T05:24:37.9977769Z","262.308065","46004","14372","zenserver.exe","46004:639247872218402360","Sample","2.390625","140185600","223121408",""
"140","2026-09-12T05:24:38.0205265Z","262.330815","120408","14372","EpicWebHelper.exe","120408:639247872454799320","Sample","0.312500","42569728","21708800",""
"141","2026-09-12T05:24:39.9324858Z","264.242799","102480","46004","crashpad_handler.exe","102480:639247872220006830","Sample","0.031250","34357248","1544192",""
"141","2026-09-12T05:24:39.9560719Z","264.266380","102484","14372","EpicWebHelper.exe","102484:639247872454443300","Sample","12.562500","107659264","137756672",""
"141","2026-09-12T05:24:39.9793469Z","264.289655","14372","65944","UnrealEditor","14372:639247872156630390","Sample","426.078125","3950645248","3892645888",""
"141","2026-09-12T05:24:40.0034271Z","264.313736","93660","14372","EpicWebHelper.exe","93660:639247873592106100","Sample","0.031250","38821888","25358336",""
"141","2026-09-12T05:24:40.0262128Z","264.336522","117716","14372","EpicWebHelper.exe","117716:639247872454980310","Sample","0.078125","28655616","19226624",""
"141","2026-09-12T05:24:40.0496737Z","264.359983","46004","14372","zenserver.exe","46004:639247872218402360","Sample","2.421875","140185600","223121408",""
"141","2026-09-12T05:24:40.0731284Z","264.383438","120408","14372","EpicWebHelper.exe","120408:639247872454799320","Sample","0.312500","42569728","21708800",""
"142","2026-09-12T05:24:42.0757788Z","266.386110","102480","46004","crashpad_handler.exe","102480:639247872220006830","Sample","0.031250","34357248","1544192",""
"142","2026-09-12T05:24:42.1000253Z","266.410357","102484","14372","EpicWebHelper.exe","102484:639247872454443300","Sample","12.562500","107659264","137756672",""
"142","2026-09-12T05:24:42.1234340Z","266.433764","14372","65944","UnrealEditor","14372:639247872156630390","Sample","429.656250","3950718976","3892645888",""
"142","2026-09-12T05:24:42.1492119Z","266.459544","93660","14372","EpicWebHelper.exe","93660:639247873592106100","Sample","0.031250","38821888","25358336",""
"142","2026-09-12T05:24:42.1733101Z","266.483642","117716","14372","EpicWebHelper.exe","117716:639247872454980310","Sample","0.078125","28655616","19226624",""
"142","2026-09-12T05:24:42.1983331Z","266.508665","46004","14372","zenserver.exe","46004:639247872218402360","Sample","2.421875","140185600","223121408",""
"142","2026-09-12T05:24:42.2257741Z","266.536106","120408","14372","EpicWebHelper.exe","120408:639247872454799320","Sample","0.312500","42569728","21708800",""
"143","2026-09-12T05:24:44.1864875Z","268.496841","102480","46004","crashpad_handler.exe","102480:639247872220006830","Sample","0.031250","34357248","1544192",""
"143","2026-09-12T05:24:44.2129338Z","268.523287","102484","14372","EpicWebHelper.exe","102484:639247872454443300","Sample","12.562500","107659264","137756672",""
"143","2026-09-12T05:24:44.2393173Z","268.549671","14372","65944","UnrealEditor","14372:639247872156630390","Sample","433.734375","3950804992","3892850688",""
"143","2026-09-12T05:24:44.2663191Z","268.576673","93660","14372","EpicWebHelper.exe","93660:639247873592106100","Sample","0.031250","38821888","25358336",""
"143","2026-09-12T05:24:44.2928220Z","268.603175","117716","14372","EpicWebHelper.exe","117716:639247872454980310","Sample","0.078125","28655616","19226624",""
"143","2026-09-12T05:24:44.3200918Z","268.630446","46004","14372","zenserver.exe","46004:639247872218402360","Sample","2.453125","140185600","223121408",""
"143","2026-09-12T05:24:44.3453118Z","268.655667","120408","14372","EpicWebHelper.exe","120408:639247872454799320","Sample","0.328125","42569728","21708800",""
"144","2026-09-12T05:24:46.2188252Z","270.529198","102480","46004","crashpad_handler.exe","102480:639247872220006830","Sample","0.031250","34357248","1544192",""
"144","2026-09-12T05:24:46.2426673Z","270.553041","102484","14372","EpicWebHelper.exe","102484:639247872454443300","Sample","12.562500","107667456","137764864",""
"144","2026-09-12T05:24:46.2670267Z","270.577400","14372","65944","UnrealEditor","14372:639247872156630390","Sample","439.484375","3950804992","3892850688",""
"144","2026-09-12T05:24:46.2934401Z","270.603814","93660","14372","EpicWebHelper.exe","93660:639247873592106100","Sample","0.031250","38821888","25358336",""
"144","2026-09-12T05:24:46.3166088Z","270.626984","117716","14372","EpicWebHelper.exe","117716:639247872454980310","Sample","0.078125","28655616","19226624",""
"144","2026-09-12T05:24:46.3412431Z","270.651617","46004","14372","zenserver.exe","46004:639247872218402360","Sample","2.453125","140189696","223125504",""
"144","2026-09-12T05:24:46.3675396Z","270.677916","120408","14372","EpicWebHelper.exe","120408:639247872454799320","Sample","0.328125","42569728","21708800",""
"145","2026-09-12T05:24:48.1477926Z","272.458186","102480","46004","crashpad_handler.exe","102480:639247872220006830","Sample","0.031250","34357248","1544192",""
"145","2026-09-12T05:24:48.1735867Z","272.483979","102484","14372","EpicWebHelper.exe","102484:639247872454443300","Sample","12.578125","107655168","137756672",""
"145","2026-09-12T05:24:48.1990277Z","272.509421","14372","65944","UnrealEditor","14372:639247872156630390","Sample","445.031250","3950804992","3892850688",""
"145","2026-09-12T05:24:48.2239481Z","272.534341","93660","14372","EpicWebHelper.exe","93660:639247873592106100","Sample","0.031250","38821888","25358336",""
"145","2026-09-12T05:24:48.2485981Z","272.559000","117716","14372","EpicWebHelper.exe","117716:639247872454980310","Sample","0.078125","28655616","19226624",""
"145","2026-09-12T05:24:48.2725323Z","272.582926","46004","14372","zenserver.exe","46004:639247872218402360","Sample","2.453125","140189696","223125504",""
"145","2026-09-12T05:24:48.2998573Z","272.610253","120408","14372","EpicWebHelper.exe","120408:639247872454799320","Sample","0.328125","42582016","21745664",""
"146","2026-09-12T05:24:50.0963883Z","274.406801","102480","46004","crashpad_handler.exe","102480:639247872220006830","Sample","0.031250","34357248","1544192",""
"146","2026-09-12T05:24:50.1189609Z","274.429375","102484","14372","EpicWebHelper.exe","102484:639247872454443300","Sample","12.593750","107655168","137756672",""
"146","2026-09-12T05:24:50.1430052Z","274.453419","14372","65944","UnrealEditor","14372:639247872156630390","Sample","449.968750","3950804992","3892850688",""
"146","2026-09-12T05:24:50.1699706Z","274.480384","93660","14372","EpicWebHelper.exe","93660:639247873592106100","Sample","0.031250","38821888","25358336",""
"146","2026-09-12T05:24:50.1952204Z","274.505634","117716","14372","EpicWebHelper.exe","117716:639247872454980310","Sample","0.078125","28655616","19226624",""
"146","2026-09-12T05:24:50.2191139Z","274.529528","46004","14372","zenserver.exe","46004:639247872218402360","Sample","2.453125","140189696","223125504",""
"146","2026-09-12T05:24:50.2442798Z","274.554694","120408","14372","EpicWebHelper.exe","120408:639247872454799320","Sample","0.328125","42565632","21704704",""
"147","2026-09-12T05:24:52.0120276Z","276.322462","102480","46004","crashpad_handler.exe","102480:639247872220006830","Sample","0.031250","34357248","1544192",""
"147","2026-09-12T05:24:52.0368371Z","276.347270","102484","14372","EpicWebHelper.exe","102484:639247872454443300","Sample","12.593750","107708416","137736192",""
"147","2026-09-12T05:24:52.0601505Z","276.370583","14372","65944","UnrealEditor","14372:639247872156630390","Sample","454.625000","3951013888","3893153792",""
"147","2026-09-12T05:24:52.0847140Z","276.395148","93660","14372","EpicWebHelper.exe","93660:639247873592106100","Sample","0.031250","38821888","25358336",""
"147","2026-09-12T05:24:52.1082044Z","276.418638","117716","14372","EpicWebHelper.exe","117716:639247872454980310","Sample","0.078125","28655616","19226624",""
"147","2026-09-12T05:24:52.1318115Z","276.442245","46004","14372","zenserver.exe","46004:639247872218402360","Sample","2.453125","140189696","223125504",""
"147","2026-09-12T05:24:52.1535981Z","276.464031","120408","14372","EpicWebHelper.exe","120408:639247872454799320","Sample","0.328125","42598400","21749760",""
"148","2026-09-12T05:24:53.9137435Z","278.224196","102480","46004","crashpad_handler.exe","102480:639247872220006830","Sample","0.031250","34357248","1544192",""
"148","2026-09-12T05:24:53.9391001Z","278.249553","102484","14372","EpicWebHelper.exe","102484:639247872454443300","Sample","12.593750","107708416","137736192",""
"148","2026-09-12T05:24:53.9636439Z","278.274096","14372","65944","UnrealEditor","14372:639247872156630390","Sample","459.578125","3951034368","3893153792",""
"148","2026-09-12T05:24:53.9886836Z","278.299137","93660","14372","EpicWebHelper.exe","93660:639247873592106100","Sample","0.031250","38821888","25358336",""
"148","2026-09-12T05:24:54.0146380Z","278.325093","117716","14372","EpicWebHelper.exe","117716:639247872454980310","Sample","0.078125","28655616","19226624",""
"148","2026-09-12T05:24:54.0388850Z","278.349343","46004","14372","zenserver.exe","46004:639247872218402360","Sample","2.453125","140189696","223125504",""
"148","2026-09-12T05:24:54.0638242Z","278.374279","120408","14372","EpicWebHelper.exe","120408:639247872454799320","Sample","0.328125","42561536","21700608",""
"149","2026-09-12T05:24:55.8361597Z","280.146631","102480","46004","crashpad_handler.exe","102480:639247872220006830","Sample","0.031250","34357248","1544192",""
"149","2026-09-12T05:24:55.8623451Z","280.172818","102484","14372","EpicWebHelper.exe","102484:639247872454443300","Sample","12.593750","107708416","137736192",""
"149","2026-09-12T05:24:55.8876305Z","280.198103","14372","65944","UnrealEditor","14372:639247872156630390","Sample","464.234375","3951058944","3893153792",""
"149","2026-09-12T05:24:55.9155716Z","280.226044","93660","14372","EpicWebHelper.exe","93660:639247873592106100","Sample","0.031250","38821888","25358336",""
"149","2026-09-12T05:24:55.9446374Z","280.255110","117716","14372","EpicWebHelper.exe","117716:639247872454980310","Sample","0.078125","28655616","19226624",""
"149","2026-09-12T05:24:55.9702509Z","280.280725","46004","14372","zenserver.exe","46004:639247872218402360","Sample","2.468750","140189696","223125504",""
"149","2026-09-12T05:24:55.9958676Z","280.306341","120408","14372","EpicWebHelper.exe","120408:639247872454799320","Sample","0.328125","42561536","21700608",""
"150","2026-09-12T05:24:57.6951151Z","282.005608","102480","46004","crashpad_handler.exe","102480:639247872220006830","Sample","0.031250","34357248","1544192",""
"150","2026-09-12T05:24:57.7164859Z","282.026977","102484","14372","EpicWebHelper.exe","102484:639247872454443300","Sample","12.593750","107708416","137736192",""
"150","2026-09-12T05:24:57.7375474Z","282.048040","14372","65944","UnrealEditor","14372:639247872156630390","Sample","466.937500","3951132672","3893153792",""
"150","2026-09-12T05:24:57.7592771Z","282.069768","93660","14372","EpicWebHelper.exe","93660:639247873592106100","Sample","0.031250","38821888","25358336",""
"150","2026-09-12T05:24:57.7815779Z","282.092069","117716","14372","EpicWebHelper.exe","117716:639247872454980310","Sample","0.078125","28655616","19226624",""
"150","2026-09-12T05:24:57.8050050Z","282.115498","46004","14372","zenserver.exe","46004:639247872218402360","Sample","2.468750","140189696","223125504",""
"150","2026-09-12T05:24:57.8263857Z","282.136879","120408","14372","EpicWebHelper.exe","120408:639247872454799320","Sample","0.328125","42561536","21700608",""
"151","2026-09-12T05:24:59.5228964Z","283.833407","102480","46004","crashpad_handler.exe","102480:639247872220006830","Sample","0.031250","34357248","1544192",""
"151","2026-09-12T05:24:59.5454039Z","283.855913","102484","14372","EpicWebHelper.exe","102484:639247872454443300","Sample","12.593750","107708416","137736192",""
"151","2026-09-12T05:24:59.5661156Z","283.876627","14372","65944","UnrealEditor","14372:639247872156630390","Sample","469.812500","3951173632","3893153792",""
"151","2026-09-12T05:24:59.5888196Z","283.899330","93660","14372","EpicWebHelper.exe","93660:639247873592106100","Sample","0.031250","38821888","25358336",""
"151","2026-09-12T05:24:59.6112165Z","283.921728","117716","14372","EpicWebHelper.exe","117716:639247872454980310","Sample","0.078125","28655616","19226624",""
"151","2026-09-12T05:24:59.6341269Z","283.944637","46004","14372","zenserver.exe","46004:639247872218402360","Sample","2.468750","140185600","223121408",""
"151","2026-09-12T05:24:59.6557130Z","283.966224","120408","14372","EpicWebHelper.exe","120408:639247872454799320","Sample","0.328125","42561536","21700608",""
"152","2026-09-12T05:25:01.3176032Z","285.628131","102480","46004","crashpad_handler.exe","102480:639247872220006830","Sample","0.031250","34357248","1544192",""
"152","2026-09-12T05:25:01.3394979Z","285.650028","102484","14372","EpicWebHelper.exe","102484:639247872454443300","Sample","12.593750","107708416","137736192",""
"152","2026-09-12T05:25:01.3610540Z","285.671582","14372","65944","UnrealEditor","14372:639247872156630390","Sample","473.046875","3946983424","3893006336",""
"152","2026-09-12T05:25:01.3822134Z","285.692743","93660","14372","EpicWebHelper.exe","93660:639247873592106100","Sample","0.031250","38821888","25358336",""
"152","2026-09-12T05:25:01.4033019Z","285.713833","117716","14372","EpicWebHelper.exe","117716:639247872454980310","Sample","0.078125","28655616","19226624",""
"152","2026-09-12T05:25:01.4247689Z","285.735299","46004","14372","zenserver.exe","46004:639247872218402360","Sample","2.500000","140185600","223121408",""
"152","2026-09-12T05:25:01.4452664Z","285.755796","120408","14372","EpicWebHelper.exe","120408:639247872454799320","Sample","0.328125","42582016","21721088",""
"153","2026-09-12T05:25:03.2005811Z","287.511128","102480","46004","crashpad_handler.exe","102480:639247872220006830","Sample","0.031250","34357248","1544192",""
"153","2026-09-12T05:25:03.2212613Z","287.531809","102484","14372","EpicWebHelper.exe","102484:639247872454443300","Sample","12.593750","107708416","137736192",""
"153","2026-09-12T05:25:03.2421176Z","287.552665","14372","65944","UnrealEditor","14372:639247872156630390","Sample","476.500000","3947048960","3893530624",""
"153","2026-09-12T05:25:03.2632283Z","287.573776","93660","14372","EpicWebHelper.exe","93660:639247873592106100","Sample","0.031250","38821888","25358336",""
"153","2026-09-12T05:25:03.2835886Z","287.594137","117716","14372","EpicWebHelper.exe","117716:639247872454980310","Sample","0.078125","28655616","19226624",""
"153","2026-09-12T05:25:03.3045472Z","287.615095","46004","14372","zenserver.exe","46004:639247872218402360","Sample","2.500000","140189696","223125504",""
"153","2026-09-12T05:25:03.3251630Z","287.635712","120408","14372","EpicWebHelper.exe","120408:639247872454799320","Sample","0.328125","42561536","21700608",""
"154","2026-09-12T05:25:04.9163974Z","289.226963","102480","46004","crashpad_handler.exe","102480:639247872220006830","Sample","0.031250","34357248","1544192",""
"154","2026-09-12T05:25:04.9385317Z","289.249097","102484","14372","EpicWebHelper.exe","102484:639247872454443300","Sample","12.593750","107708416","137736192",""
"154","2026-09-12T05:25:04.9619870Z","289.272554","14372","65944","UnrealEditor","14372:639247872156630390","Sample","480.171875","3947061248","3893530624",""
"154","2026-09-12T05:25:04.9833550Z","289.293921","93660","14372","EpicWebHelper.exe","93660:639247873592106100","Sample","0.031250","38821888","25358336",""
"154","2026-09-12T05:25:05.0049195Z","289.315486","117716","14372","EpicWebHelper.exe","117716:639247872454980310","Sample","0.078125","28655616","19226624",""
"154","2026-09-12T05:25:05.0235474Z","289.334114","46004","14372","zenserver.exe","46004:639247872218402360","Sample","2.531250","140185600","223121408",""
"154","2026-09-12T05:25:05.0443118Z","289.354879","120408","14372","EpicWebHelper.exe","120408:639247872454799320","Sample","0.328125","42561536","21700608",""
"155","2026-09-12T05:25:06.7463371Z","291.056922","102480","46004","crashpad_handler.exe","102480:639247872220006830","Sample","0.031250","34357248","1544192",""
"155","2026-09-12T05:25:06.7673520Z","291.077936","102484","14372","EpicWebHelper.exe","102484:639247872454443300","Sample","12.593750","107708416","137736192",""
"155","2026-09-12T05:25:06.7901426Z","291.100729","14372","65944","UnrealEditor","14372:639247872156630390","Sample","483.000000","3947061248","3893530624",""
"155","2026-09-12T05:25:06.8095995Z","291.120185","93660","14372","EpicWebHelper.exe","93660:639247873592106100","Sample","0.031250","38821888","25358336",""
"155","2026-09-12T05:25:06.8313119Z","291.141898","117716","14372","EpicWebHelper.exe","117716:639247872454980310","Sample","0.078125","28655616","19226624",""
"155","2026-09-12T05:25:06.8542146Z","291.164800","46004","14372","zenserver.exe","46004:639247872218402360","Sample","2.531250","140185600","223121408",""
"155","2026-09-12T05:25:06.8762154Z","291.186802","120408","14372","EpicWebHelper.exe","120408:639247872454799320","Sample","0.328125","42561536","21700608",""
"156","2026-09-12T05:25:08.5601107Z","292.870715","102480","46004","crashpad_handler.exe","102480:639247872220006830","Sample","0.031250","34357248","1544192",""
"156","2026-09-12T05:25:08.5897435Z","292.900349","102484","14372","EpicWebHelper.exe","102484:639247872454443300","Sample","12.593750","107708416","137736192",""
"156","2026-09-12T05:25:08.6200644Z","292.930670","14372","65944","UnrealEditor","14372:639247872156630390","Sample","486.984375","3943383040","3889844224",""
"156","2026-09-12T05:25:08.6494393Z","292.960045","93660","14372","EpicWebHelper.exe","93660:639247873592106100","Sample","0.031250","38821888","25358336",""
"156","2026-09-12T05:25:08.6788025Z","292.989407","117716","14372","EpicWebHelper.exe","117716:639247872454980310","Sample","0.078125","28655616","19226624",""
"156","2026-09-12T05:25:08.7078142Z","293.018420","46004","14372","zenserver.exe","46004:639247872218402360","Sample","2.546875","140185600","223121408",""
"156","2026-09-12T05:25:08.7374312Z","293.048037","120408","14372","EpicWebHelper.exe","120408:639247872454799320","Sample","0.328125","42561536","21700608",""
"157","2026-09-12T05:25:10.5847123Z","294.895337","102480","46004","crashpad_handler.exe","102480:639247872220006830","Sample","0.031250","34357248","1544192",""
"157","2026-09-12T05:25:10.6078136Z","294.918438","102484","14372","EpicWebHelper.exe","102484:639247872454443300","Sample","12.593750","107708416","137736192",""
"157","2026-09-12T05:25:10.6318857Z","294.942511","14372","65944","UnrealEditor","14372:639247872156630390","Sample","491.046875","3943723008","3890249728",""
"157","2026-09-12T05:25:10.6563016Z","294.966929","93660","14372","EpicWebHelper.exe","93660:639247873592106100","Sample","0.031250","38821888","25358336",""
"157","2026-09-12T05:25:10.6803070Z","294.990933","117716","14372","EpicWebHelper.exe","117716:639247872454980310","Sample","0.078125","28655616","19226624",""
"157","2026-09-12T05:25:10.7052772Z","295.015903","46004","14372","zenserver.exe","46004:639247872218402360","Sample","2.562500","140185600","223121408",""
"157","2026-09-12T05:25:10.7277801Z","295.038406","120408","14372","EpicWebHelper.exe","120408:639247872454799320","Sample","0.328125","42561536","21700608",""
"158","2026-09-12T05:25:12.4669516Z","296.777594","102480","46004","crashpad_handler.exe","102480:639247872220006830","Sample","0.031250","34357248","1544192",""
"158","2026-09-12T05:25:12.4897175Z","296.800362","102484","14372","EpicWebHelper.exe","102484:639247872454443300","Sample","12.593750","107708416","137736192",""
"158","2026-09-12T05:25:12.5120880Z","296.822732","14372","65944","UnrealEditor","14372:639247872156630390","Sample","494.343750","3943727104","3890249728",""
"158","2026-09-12T05:25:12.5345779Z","296.845222","93660","14372","EpicWebHelper.exe","93660:639247873592106100","Sample","0.031250","38821888","25358336",""
"158","2026-09-12T05:25:12.5582746Z","296.868918","117716","14372","EpicWebHelper.exe","117716:639247872454980310","Sample","0.078125","28655616","19226624",""
"158","2026-09-12T05:25:12.5819656Z","296.892611","46004","14372","zenserver.exe","46004:639247872218402360","Sample","2.578125","140185600","223121408",""
"158","2026-09-12T05:25:12.6051903Z","296.915835","120408","14372","EpicWebHelper.exe","120408:639247872454799320","Sample","0.328125","42561536","21700608",""
"159","2026-09-12T05:25:14.4395147Z","298.750179","102480","46004","crashpad_handler.exe","102480:639247872220006830","Sample","0.031250","34357248","1544192",""
"159","2026-09-12T05:25:14.4628489Z","298.773513","102484","14372","EpicWebHelper.exe","102484:639247872454443300","Sample","12.609375","107700224","137703424",""
"159","2026-09-12T05:25:14.4867862Z","298.797450","14372","65944","UnrealEditor","14372:639247872156630390","Sample","498.406250","3943837696","3890249728",""
"159","2026-09-12T05:25:14.5112083Z","298.821873","93660","14372","EpicWebHelper.exe","93660:639247873592106100","Sample","0.031250","38821888","25358336",""
"159","2026-09-12T05:25:14.5336656Z","298.844331","117716","14372","EpicWebHelper.exe","117716:639247872454980310","Sample","0.078125","28655616","19226624",""
"159","2026-09-12T05:25:14.5571678Z","298.867833","46004","14372","zenserver.exe","46004:639247872218402360","Sample","2.578125","140189696","223121408",""
"159","2026-09-12T05:25:14.5807367Z","298.891402","120408","14372","EpicWebHelper.exe","120408:639247872454799320","Sample","0.343750","42557440","21663744",""
"160","2026-09-12T05:25:16.3527252Z","300.663410","102480","46004","crashpad_handler.exe","102480:639247872220006830","Sample","0.031250","34357248","1544192",""
"160","2026-09-12T05:25:16.3754747Z","300.686164","102484","14372","EpicWebHelper.exe","102484:639247872454443300","Sample","12.609375","107700224","137703424",""
"160","2026-09-12T05:25:16.3976078Z","300.708292","14372","65944","UnrealEditor","14372:639247872156630390","Sample","502.187500","3943854080","3890249728",""
"160","2026-09-12T05:25:16.4194743Z","300.730158","93660","14372","EpicWebHelper.exe","93660:639247873592106100","Sample","0.031250","38821888","25358336",""
"160","2026-09-12T05:25:16.4409364Z","300.751622","117716","14372","EpicWebHelper.exe","117716:639247872454980310","Sample","0.078125","28655616","19226624",""
"160","2026-09-12T05:25:16.4632315Z","300.773915","46004","14372","zenserver.exe","46004:639247872218402360","Sample","2.593750","140189696","223121408",""
"160","2026-09-12T05:25:16.4848042Z","300.795489","120408","14372","EpicWebHelper.exe","120408:639247872454799320","Sample","0.343750","42573824","21696512",""
"161","2026-09-12T05:25:18.1335496Z","302.444251","102480","46004","crashpad_handler.exe","102480:639247872220006830","Sample","0.031250","34357248","1544192",""
"161","2026-09-12T05:25:18.1547987Z","302.465500","102484","14372","EpicWebHelper.exe","102484:639247872454443300","Sample","12.609375","107700224","137703424",""
"161","2026-09-12T05:25:18.1765458Z","302.487248","14372","65944","UnrealEditor","14372:639247872156630390","Sample","505.921875","3944435712","3890819072",""
"161","2026-09-12T05:25:18.1982100Z","302.508912","93660","14372","EpicWebHelper.exe","93660:639247873592106100","Sample","0.031250","38821888","25358336",""
"161","2026-09-12T05:25:18.2199561Z","302.530659","117716","14372","EpicWebHelper.exe","117716:639247872454980310","Sample","0.078125","28655616","19226624",""
"161","2026-09-12T05:25:18.2418221Z","302.552526","46004","14372","zenserver.exe","46004:639247872218402360","Sample","2.625000","140193792","223125504",""
"161","2026-09-12T05:25:18.2632526Z","302.573955","120408","14372","EpicWebHelper.exe","120408:639247872454799320","Sample","0.343750","42573824","21696512",""
"162","2026-09-12T05:25:20.1133147Z","304.424037","102480","46004","crashpad_handler.exe","102480:639247872220006830","Sample","0.031250","34357248","1544192",""
"162","2026-09-12T05:25:20.1347928Z","304.445514","102484","14372","EpicWebHelper.exe","102484:639247872454443300","Sample","12.609375","107700224","137703424",""
"162","2026-09-12T05:25:20.1553499Z","304.466072","14372","65944","UnrealEditor","14372:639247872156630390","Sample","509.187500","3944448000","3890819072",""
"162","2026-09-12T05:25:20.1768734Z","304.487595","93660","14372","EpicWebHelper.exe","93660:639247873592106100","Sample","0.031250","38821888","25358336",""
"162","2026-09-12T05:25:20.1978286Z","304.508551","117716","14372","EpicWebHelper.exe","117716:639247872454980310","Sample","0.078125","28655616","19226624",""
"162","2026-09-12T05:25:20.2192134Z","304.529936","46004","14372","zenserver.exe","46004:639247872218402360","Sample","2.656250","140189696","223121408",""
"162","2026-09-12T05:25:20.2404422Z","304.551165","120408","14372","EpicWebHelper.exe","120408:639247872454799320","Sample","0.343750","42573824","21696512",""
"163","2026-09-12T05:25:21.8804613Z","306.191204","102480","46004","crashpad_handler.exe","102480:639247872220006830","Sample","0.031250","34357248","1544192",""
"163","2026-09-12T05:25:21.9029284Z","306.213670","102484","14372","EpicWebHelper.exe","102484:639247872454443300","Sample","12.609375","107700224","137703424",""
"163","2026-09-12T05:25:21.9299178Z","306.240660","14372","65944","UnrealEditor","14372:639247872156630390","Sample","513.203125","3962523648","3898339328",""
"163","2026-09-12T05:25:21.9546644Z","306.265406","93660","14372","EpicWebHelper.exe","93660:639247873592106100","Sample","0.031250","38821888","25358336",""
"163","2026-09-12T05:25:21.9778786Z","306.288620","117716","14372","EpicWebHelper.exe","117716:639247872454980310","Sample","0.078125","28655616","19226624",""
"163","2026-09-12T05:25:22.0030258Z","306.313768","46004","14372","zenserver.exe","46004:639247872218402360","Sample","2.671875","140582912","223358976",""
"163","2026-09-12T05:25:22.0260250Z","306.336767","120408","14372","EpicWebHelper.exe","120408:639247872454799320","Sample","0.343750","42573824","21696512",""
"164","2026-09-12T05:25:23.7070932Z","308.017853","102480","46004","crashpad_handler.exe","102480:639247872220006830","Sample","0.031250","34418688","1634304",""
"164","2026-09-12T05:25:23.7297299Z","308.040489","102484","14372","EpicWebHelper.exe","102484:639247872454443300","Sample","12.609375","107716608","137736192",""
"164","2026-09-12T05:25:23.7532836Z","308.064043","14372","65944","UnrealEditor","14372:639247872156630390","Sample","517.343750","3960061952","3896381440",""
"164","2026-09-12T05:25:23.7772291Z","308.087989","93660","14372","EpicWebHelper.exe","93660:639247873592106100","Sample","0.031250","38821888","25358336",""
"164","2026-09-12T05:25:23.8027325Z","308.113493","117716","14372","EpicWebHelper.exe","117716:639247872454980310","Sample","0.078125","28655616","19226624",""
"164","2026-09-12T05:25:23.8266608Z","308.137422","46004","14372","zenserver.exe","46004:639247872218402360","Sample","2.687500","140582912","223358976",""
"164","2026-09-12T05:25:23.8527802Z","308.163541","120408","14372","EpicWebHelper.exe","120408:639247872454799320","Sample","0.343750","42573824","21696512",""
"165","2026-09-12T05:25:25.5187799Z","309.829558","102480","46004","crashpad_handler.exe","102480:639247872220006830","Sample","0.031250","34418688","1634304",""
"165","2026-09-12T05:25:25.5421776Z","309.852956","102484","14372","EpicWebHelper.exe","102484:639247872454443300","Sample","12.609375","107716608","137736192",""
"165","2026-09-12T05:25:25.5649276Z","309.875706","14372","65944","UnrealEditor","14372:639247872156630390","Sample","520.750000","3960143872","3896381440",""
"165","2026-09-12T05:25:25.5900460Z","309.900825","93660","14372","EpicWebHelper.exe","93660:639247873592106100","Sample","0.031250","38821888","25358336",""
"165","2026-09-12T05:25:25.6137179Z","309.924497","117716","14372","EpicWebHelper.exe","117716:639247872454980310","Sample","0.078125","28655616","19226624",""
"165","2026-09-12T05:25:25.6356330Z","309.946413","46004","14372","zenserver.exe","46004:639247872218402360","Sample","2.703125","140582912","223358976",""
"165","2026-09-12T05:25:25.6600057Z","309.970784","120408","14372","EpicWebHelper.exe","120408:639247872454799320","Sample","0.343750","42573824","21696512",""
"166","2026-09-12T05:25:27.3034997Z","311.614295","102480","46004","crashpad_handler.exe","102480:639247872220006830","Sample","0.031250","34418688","1634304",""
"166","2026-09-12T05:25:27.3271531Z","311.637950","102484","14372","EpicWebHelper.exe","102484:639247872454443300","Sample","12.609375","107716608","137736192",""
"166","2026-09-12T05:25:27.3502778Z","311.661075","14372","65944","UnrealEditor","14372:639247872156630390","Sample","524.578125","3960143872","3896381440",""
"166","2026-09-12T05:25:27.3722818Z","311.683079","93660","14372","EpicWebHelper.exe","93660:639247873592106100","Sample","0.031250","38821888","25358336",""
"166","2026-09-12T05:25:27.3954686Z","311.706265","117716","14372","EpicWebHelper.exe","117716:639247872454980310","Sample","0.078125","28655616","19226624",""
"166","2026-09-12T05:25:27.4184134Z","311.729210","46004","14372","zenserver.exe","46004:639247872218402360","Sample","2.703125","140587008","223363072",""
"166","2026-09-12T05:25:27.4398290Z","311.750628","120408","14372","EpicWebHelper.exe","120408:639247872454799320","Sample","0.343750","42573824","21696512",""
"167","2026-09-12T05:25:29.0991900Z","313.410004","102480","46004","crashpad_handler.exe","102480:639247872220006830","Sample","0.031250","34418688","1634304",""
"167","2026-09-12T05:25:29.1242402Z","313.435056","102484","14372","EpicWebHelper.exe","102484:639247872454443300","Sample","12.609375","107716608","137736192",""
"167","2026-09-12T05:25:29.1463220Z","313.457138","14372","65944","UnrealEditor","14372:639247872156630390","Sample","527.843750","3959488512","3895726080",""
"167","2026-09-12T05:25:29.1689242Z","313.479739","93660","14372","EpicWebHelper.exe","93660:639247873592106100","Sample","0.031250","38821888","25358336",""
"167","2026-09-12T05:25:29.1922470Z","313.503063","117716","14372","EpicWebHelper.exe","117716:639247872454980310","Sample","0.078125","28655616","19226624",""
"167","2026-09-12T05:25:29.2162919Z","313.527107","46004","14372","zenserver.exe","46004:639247872218402360","Sample","2.750000","140591104","223367168",""
"167","2026-09-12T05:25:29.2391395Z","313.549957","120408","14372","EpicWebHelper.exe","120408:639247872454799320","Sample","0.343750","42573824","21696512",""
"168","2026-09-12T05:25:30.9267743Z","315.237607","102480","46004","crashpad_handler.exe","102480:639247872220006830","Sample","0.031250","34418688","1634304",""
"168","2026-09-12T05:25:30.9506097Z","315.261444","102484","14372","EpicWebHelper.exe","102484:639247872454443300","Sample","12.609375","107716608","137736192",""
"168","2026-09-12T05:25:30.9729221Z","315.283756","14372","65944","UnrealEditor","14372:639247872156630390","Sample","531.343750","3957067776","3893235712",""
"168","2026-09-12T05:25:30.9978007Z","315.308634","93660","14372","EpicWebHelper.exe","93660:639247873592106100","Sample","0.031250","38821888","25358336",""
"168","2026-09-12T05:25:31.0233467Z","315.334180","117716","14372","EpicWebHelper.exe","117716:639247872454980310","Sample","0.078125","28655616","19226624",""
"168","2026-09-12T05:25:31.0462050Z","315.357039","46004","14372","zenserver.exe","46004:639247872218402360","Sample","2.750000","140582912","223358976",""
"168","2026-09-12T05:25:31.0667560Z","315.377591","120408","14372","EpicWebHelper.exe","120408:639247872454799320","Sample","0.343750","42573824","21696512",""
"169","2026-09-12T05:25:32.6946166Z","317.005468","102480","46004","crashpad_handler.exe","102480:639247872220006830","Sample","0.031250","34418688","1634304",""
"169","2026-09-12T05:25:32.7182211Z","317.029072","102484","14372","EpicWebHelper.exe","102484:639247872454443300","Sample","12.609375","107716608","137736192",""
"169","2026-09-12T05:25:32.7409232Z","317.051774","14372","65944","UnrealEditor","14372:639247872156630390","Sample","534.656250","3957055488","3893202944",""
"169","2026-09-12T05:25:32.7629691Z","317.073820","93660","14372","EpicWebHelper.exe","93660:639247873592106100","Sample","0.031250","38821888","25358336",""
"169","2026-09-12T05:25:32.7888488Z","317.099701","117716","14372","EpicWebHelper.exe","117716:639247872454980310","Sample","0.078125","28655616","19226624",""
"169","2026-09-12T05:25:32.8123904Z","317.123242","46004","14372","zenserver.exe","46004:639247872218402360","Sample","2.765625","140587008","223363072",""
"169","2026-09-12T05:25:32.8361890Z","317.147041","120408","14372","EpicWebHelper.exe","120408:639247872454799320","Sample","0.343750","42573824","21696512",""
"170","2026-09-12T05:25:34.6054292Z","318.916297","102480","46004","crashpad_handler.exe","102480:639247872220006830","Sample","0.031250","34418688","1634304",""
"170","2026-09-12T05:25:34.6265882Z","318.937457","102484","14372","EpicWebHelper.exe","102484:639247872454443300","Sample","12.609375","107716608","137736192",""
"170","2026-09-12T05:25:34.6496400Z","318.960509","14372","65944","UnrealEditor","14372:639247872156630390","Sample","538.625000","3957055488","3893202944",""
"170","2026-09-12T05:25:34.6706815Z","318.981550","93660","14372","EpicWebHelper.exe","93660:639247873592106100","Sample","0.031250","38821888","25358336",""
"170","2026-09-12T05:25:34.6934912Z","319.004362","117716","14372","EpicWebHelper.exe","117716:639247872454980310","Sample","0.078125","28655616","19226624",""
"170","2026-09-12T05:25:34.7152040Z","319.026073","46004","14372","zenserver.exe","46004:639247872218402360","Sample","2.781250","140582912","223358976",""
"170","2026-09-12T05:25:34.7368820Z","319.047752","120408","14372","EpicWebHelper.exe","120408:639247872454799320","Sample","0.343750","42573824","21696512",""
"171","2026-09-12T05:25:36.4078624Z","320.718747","102480","46004","crashpad_handler.exe","102480:639247872220006830","Sample","0.031250","34418688","1634304",""
"171","2026-09-12T05:25:36.4287328Z","320.739624","102484","14372","EpicWebHelper.exe","102484:639247872454443300","Sample","12.609375","107716608","137736192",""
"171","2026-09-12T05:25:36.4492777Z","320.760164","14372","65944","UnrealEditor","14372:639247872156630390","Sample","541.625000","3957055488","3893202944",""
"171","2026-09-12T05:25:36.4696253Z","320.780513","93660","14372","EpicWebHelper.exe","93660:639247873592106100","Sample","0.031250","38821888","25358336",""
"171","2026-09-12T05:25:36.4901797Z","320.801066","117716","14372","EpicWebHelper.exe","117716:639247872454980310","Sample","0.078125","28655616","19226624",""
"171","2026-09-12T05:25:36.5105256Z","320.821412","46004","14372","zenserver.exe","46004:639247872218402360","Sample","2.781250","140587008","223363072",""
"171","2026-09-12T05:25:36.5305742Z","320.841461","120408","14372","EpicWebHelper.exe","120408:639247872454799320","Sample","0.343750","42573824","21696512",""
"172","2026-09-12T05:25:38.1971554Z","322.508060","102480","46004","crashpad_handler.exe","102480:639247872220006830","Sample","0.031250","34418688","1634304",""
"172","2026-09-12T05:25:38.2194658Z","322.530369","102484","14372","EpicWebHelper.exe","102484:639247872454443300","Sample","12.609375","107716608","137736192",""
"172","2026-09-12T05:25:38.2406580Z","322.551561","14372","65944","UnrealEditor","14372:639247872156630390","Sample","545.250000","3957055488","3893202944",""
"172","2026-09-12T05:25:38.2631725Z","322.574076","93660","14372","EpicWebHelper.exe","93660:639247873592106100","Sample","0.031250","38821888","25358336",""
"172","2026-09-12T05:25:38.2846230Z","322.595529","117716","14372","EpicWebHelper.exe","117716:639247872454980310","Sample","0.078125","28655616","19226624",""
"172","2026-09-12T05:25:38.3070541Z","322.617958","46004","14372","zenserver.exe","46004:639247872218402360","Sample","2.843750","140591104","223367168",""
"172","2026-09-12T05:25:38.3290104Z","322.639914","120408","14372","EpicWebHelper.exe","120408:639247872454799320","Sample","0.343750","42573824","21696512",""
"173","2026-09-12T05:25:39.9713456Z","324.282265","102480","46004","crashpad_handler.exe","102480:639247872220006830","Sample","0.031250","34418688","1634304",""
"173","2026-09-12T05:25:39.9932072Z","324.304128","102484","14372","EpicWebHelper.exe","102484:639247872454443300","Sample","12.609375","107716608","137736192",""
"173","2026-09-12T05:25:40.0165191Z","324.327440","14372","65944","UnrealEditor","14372:639247872156630390","Sample","549.281250","3957055488","3893202944",""
"173","2026-09-12T05:25:40.0378030Z","324.348724","93660","14372","EpicWebHelper.exe","93660:639247873592106100","Sample","0.031250","38821888","25358336",""
"173","2026-09-12T05:25:40.0596486Z","324.370569","117716","14372","EpicWebHelper.exe","117716:639247872454980310","Sample","0.078125","28655616","19226624",""
"173","2026-09-12T05:25:40.0814945Z","324.392416","46004","14372","zenserver.exe","46004:639247872218402360","Sample","2.843750","140587008","223363072",""
"173","2026-09-12T05:25:40.1031746Z","324.414096","120408","14372","EpicWebHelper.exe","120408:639247872454799320","Sample","0.343750","42573824","21696512",""
"174","2026-09-12T05:25:41.7107749Z","326.021712","102480","46004","crashpad_handler.exe","102480:639247872220006830","Sample","0.031250","34418688","1634304",""
"174","2026-09-12T05:25:41.7317012Z","326.042639","102484","14372","EpicWebHelper.exe","102484:639247872454443300","Sample","12.609375","107716608","137736192",""
"174","2026-09-12T05:25:41.7524794Z","326.063416","14372","65944","UnrealEditor","14372:639247872156630390","Sample","552.484375","3957055488","3893202944",""
"174","2026-09-12T05:25:41.7732349Z","326.084172","93660","14372","EpicWebHelper.exe","93660:639247873592106100","Sample","0.031250","38821888","25358336",""
"174","2026-09-12T05:25:41.7924613Z","326.103398","117716","14372","EpicWebHelper.exe","117716:639247872454980310","Sample","0.078125","28655616","19226624",""
"174","2026-09-12T05:25:41.8137032Z","326.124640","46004","14372","zenserver.exe","46004:639247872218402360","Sample","2.859375","140582912","223358976",""
"174","2026-09-12T05:25:41.8351498Z","326.146088","120408","14372","EpicWebHelper.exe","120408:639247872454799320","Sample","0.343750","42573824","21696512",""
"175","2026-09-12T05:25:43.4491051Z","327.760058","102480","46004","crashpad_handler.exe","102480:639247872220006830","Sample","0.031250","34418688","1634304",""
"175","2026-09-12T05:25:43.4699114Z","327.780864","102484","14372","EpicWebHelper.exe","102484:639247872454443300","Sample","12.609375","107716608","137736192",""
"175","2026-09-12T05:25:43.4918286Z","327.802782","14372","65944","UnrealEditor","14372:639247872156630390","Sample","555.984375","3957055488","3893202944",""
"175","2026-09-12T05:25:43.5162941Z","327.827252","93660","14372","EpicWebHelper.exe","93660:639247873592106100","Sample","0.031250","38821888","25358336",""
"175","2026-09-12T05:25:43.5373466Z","327.848300","117716","14372","EpicWebHelper.exe","117716:639247872454980310","Sample","0.078125","28655616","19226624",""
"175","2026-09-12T05:25:43.5580022Z","327.868957","46004","14372","zenserver.exe","46004:639247872218402360","Sample","2.859375","140587008","223363072",""
"175","2026-09-12T05:25:43.5790183Z","327.889973","120408","14372","EpicWebHelper.exe","120408:639247872454799320","Sample","0.343750","42573824","21696512",""
"176","2026-09-12T05:25:45.1917364Z","329.502706","102480","46004","crashpad_handler.exe","102480:639247872220006830","Sample","0.031250","34418688","1634304",""
"176","2026-09-12T05:25:45.2133216Z","329.524291","102484","14372","EpicWebHelper.exe","102484:639247872454443300","Sample","12.609375","107716608","137736192",""
"176","2026-09-12T05:25:45.2341960Z","329.545166","14372","65944","UnrealEditor","14372:639247872156630390","Sample","559.765625","3957055488","3893202944",""
"176","2026-09-12T05:25:45.2553811Z","329.566352","93660","14372","EpicWebHelper.exe","93660:639247873592106100","Sample","0.031250","38821888","25358336",""
"176","2026-09-12T05:25:45.2763412Z","329.587311","117716","14372","EpicWebHelper.exe","117716:639247872454980310","Sample","0.078125","28655616","19226624",""
"176","2026-09-12T05:25:45.2967073Z","329.607678","46004","14372","zenserver.exe","46004:639247872218402360","Sample","2.890625","140582912","223358976",""
"176","2026-09-12T05:25:45.3186203Z","329.629592","120408","14372","EpicWebHelper.exe","120408:639247872454799320","Sample","0.343750","42573824","21696512",""
"177","2026-09-12T05:25:46.9880423Z","331.299030","102480","46004","crashpad_handler.exe","102480:639247872220006830","Sample","0.031250","34418688","1634304",""
"177","2026-09-12T05:25:47.0107089Z","331.321696","102484","14372","EpicWebHelper.exe","102484:639247872454443300","Sample","12.609375","107986944","137805824",""
"177","2026-09-12T05:25:47.0314563Z","331.342443","14372","65944","UnrealEditor","14372:639247872156630390","Sample","563.031250","3957096448","3893202944",""
"177","2026-09-12T05:25:47.0531183Z","331.364106","93660","14372","EpicWebHelper.exe","93660:639247873592106100","Sample","0.031250","38821888","25358336",""
"177","2026-09-12T05:25:47.0739084Z","331.384896","117716","14372","EpicWebHelper.exe","117716:639247872454980310","Sample","0.078125","28917760","19406848",""
"177","2026-09-12T05:25:47.0946720Z","331.405660","46004","14372","zenserver.exe","46004:639247872218402360","Sample","2.890625","140587008","223363072",""
"177","2026-09-12T05:25:47.1160857Z","331.427074","120408","14372","EpicWebHelper.exe","120408:639247872454799320","Sample","0.343750","42704896","21737472",""
"178","2026-09-12T05:25:48.6979672Z","333.008970","102480","46004","crashpad_handler.exe","102480:639247872220006830","Sample","0.031250","34418688","1634304",""
"178","2026-09-12T05:25:48.7191377Z","333.030141","102484","14372","EpicWebHelper.exe","102484:639247872454443300","Sample","12.609375","107986944","137805824",""
"178","2026-09-12T05:25:48.7403567Z","333.051361","14372","65944","UnrealEditor","14372:639247872156630390","Sample","566.484375","3957096448","3893202944",""
"178","2026-09-12T05:25:48.7613125Z","333.072316","93660","14372","EpicWebHelper.exe","93660:639247873592106100","Sample","0.031250","38821888","25358336",""
"178","2026-09-12T05:25:48.7823618Z","333.093366","117716","14372","EpicWebHelper.exe","117716:639247872454980310","Sample","0.078125","28917760","19406848",""
"178","2026-09-12T05:25:48.8034032Z","333.114408","46004","14372","zenserver.exe","46004:639247872218402360","Sample","2.921875","140582912","223358976",""
"178","2026-09-12T05:25:48.8241723Z","333.135177","120408","14372","EpicWebHelper.exe","120408:639247872454799320","Sample","0.343750","42704896","21737472",""
"179","2026-09-12T05:25:50.4544410Z","334.765461","102480","46004","crashpad_handler.exe","102480:639247872220006830","Sample","0.031250","34418688","1634304",""
"179","2026-09-12T05:25:50.4751681Z","334.786189","102484","14372","EpicWebHelper.exe","102484:639247872454443300","Sample","12.609375","107986944","137805824",""
"179","2026-09-12T05:25:50.4962244Z","334.807245","14372","65944","UnrealEditor","14372:639247872156630390","Sample","569.750000","3957096448","3893202944",""
"179","2026-09-12T05:25:50.5172536Z","334.828274","93660","14372","EpicWebHelper.exe","93660:639247873592106100","Sample","0.031250","38821888","25358336",""
"179","2026-09-12T05:25:50.5377187Z","334.848740","117716","14372","EpicWebHelper.exe","117716:639247872454980310","Sample","0.078125","28917760","19406848",""
"179","2026-09-12T05:25:50.5584040Z","334.869425","46004","14372","zenserver.exe","46004:639247872218402360","Sample","2.921875","140587008","223363072",""
"179","2026-09-12T05:25:50.5794205Z","334.890441","120408","14372","EpicWebHelper.exe","120408:639247872454799320","Sample","0.343750","42704896","21737472",""
"180","2026-09-12T05:25:52.2284352Z","336.539472","102480","46004","crashpad_handler.exe","102480:639247872220006830","Sample","0.031250","34418688","1634304",""
"180","2026-09-12T05:25:52.2496554Z","336.560694","102484","14372","EpicWebHelper.exe","102484:639247872454443300","Sample","12.625000","107945984","135643136",""
"180","2026-09-12T05:25:52.2707675Z","336.581805","14372","65944","UnrealEditor","14372:639247872156630390","Sample","573.562500","3957096448","3893202944",""
"180","2026-09-12T05:25:52.2915061Z","336.602544","93660","14372","EpicWebHelper.exe","93660:639247873592106100","Sample","0.031250","38821888","25358336",""
"180","2026-09-12T05:25:52.3134217Z","336.624461","117716","14372","EpicWebHelper.exe","117716:639247872454980310","Sample","0.078125","28917760","19406848",""
"180","2026-09-12T05:25:52.3347214Z","336.645760","46004","14372","zenserver.exe","46004:639247872218402360","Sample","2.937500","140587008","223363072",""
"180","2026-09-12T05:25:52.3556964Z","336.666736","120408","14372","EpicWebHelper.exe","120408:639247872454799320","Sample","0.343750","42704896","21737472",""
"181","2026-09-12T05:25:53.9995603Z","338.310614","102480","46004","crashpad_handler.exe","102480:639247872220006830","Sample","0.031250","34418688","1634304",""
"181","2026-09-12T05:25:54.0244301Z","338.335485","102484","14372","EpicWebHelper.exe","102484:639247872454443300","Sample","12.625000","107945984","135643136",""
"181","2026-09-12T05:25:54.0461851Z","338.357241","14372","65944","UnrealEditor","14372:639247872156630390","Sample","577.171875","3956977664","3893071872",""
"181","2026-09-12T05:25:54.0677822Z","338.378838","93660","14372","EpicWebHelper.exe","93660:639247873592106100","Sample","0.031250","38821888","25358336",""
"181","2026-09-12T05:25:54.0901586Z","338.401214","117716","14372","EpicWebHelper.exe","117716:639247872454980310","Sample","0.078125","28917760","19406848",""
"181","2026-09-12T05:25:54.1128900Z","338.423945","46004","14372","zenserver.exe","46004:639247872218402360","Sample","2.953125","140582912","223358976",""
"181","2026-09-12T05:25:54.1361709Z","338.447226","120408","14372","EpicWebHelper.exe","120408:639247872454799320","Sample","0.343750","42704896","21737472",""
"182","2026-09-12T05:25:55.7654083Z","340.076484","102480","46004","crashpad_handler.exe","102480:639247872220006830","Sample","0.031250","34418688","1634304",""
"182","2026-09-12T05:25:55.7892222Z","340.100294","102484","14372","EpicWebHelper.exe","102484:639247872454443300","Sample","12.625000","107945984","135643136",""
"182","2026-09-12T05:25:55.8104489Z","340.121521","14372","65944","UnrealEditor","14372:639247872156630390","Sample","580.171875","3956977664","3893071872",""
"182","2026-09-12T05:25:55.8324423Z","340.143514","93660","14372","EpicWebHelper.exe","93660:639247873592106100","Sample","0.031250","38821888","25358336",""
"182","2026-09-12T05:25:55.8539145Z","340.164986","117716","14372","EpicWebHelper.exe","117716:639247872454980310","Sample","0.078125","28917760","19406848",""
"182","2026-09-12T05:25:55.8754912Z","340.186563","46004","14372","zenserver.exe","46004:639247872218402360","Sample","2.968750","140582912","223358976",""
"182","2026-09-12T05:25:55.8967667Z","340.207839","120408","14372","EpicWebHelper.exe","120408:639247872454799320","Sample","0.343750","42704896","21737472",""
"183","2026-09-12T05:25:57.5059677Z","341.817056","102480","46004","crashpad_handler.exe","102480:639247872220006830","Sample","0.031250","34418688","1634304",""
"183","2026-09-12T05:25:57.5266203Z","341.837708","102484","14372","EpicWebHelper.exe","102484:639247872454443300","Sample","12.625000","107945984","135643136",""
"183","2026-09-12T05:25:57.5476935Z","341.858782","14372","65944","UnrealEditor","14372:639247872156630390","Sample","583.234375","3957047296","3893071872",""
"183","2026-09-12T05:25:57.5684742Z","341.879562","93660","14372","EpicWebHelper.exe","93660:639247873592106100","Sample","0.031250","38821888","25358336",""
"183","2026-09-12T05:25:57.5893668Z","341.900455","117716","14372","EpicWebHelper.exe","117716:639247872454980310","Sample","0.078125","28917760","19406848",""
"183","2026-09-12T05:25:57.6095247Z","341.920613","46004","14372","zenserver.exe","46004:639247872218402360","Sample","3.000000","140591104","223367168",""
"183","2026-09-12T05:25:57.6307110Z","341.941799","120408","14372","EpicWebHelper.exe","120408:639247872454799320","Sample","0.343750","42704896","21737472",""
"184","2026-09-12T05:25:59.2568494Z","343.567955","102480","46004","crashpad_handler.exe","102480:639247872220006830","Sample","0.031250","34418688","1634304",""
"184","2026-09-12T05:25:59.2776705Z","343.588775","102484","14372","EpicWebHelper.exe","102484:639247872454443300","Sample","12.625000","107945984","135643136",""
"184","2026-09-12T05:25:59.2981145Z","343.609219","14372","65944","UnrealEditor","14372:639247872156630390","Sample","587.031250","3957100544","3893338112",""
"184","2026-09-12T05:25:59.3187153Z","343.629826","93660","14372","EpicWebHelper.exe","93660:639247873592106100","Sample","0.031250","38821888","25358336",""
"184","2026-09-12T05:25:59.3389508Z","343.650056","117716","14372","EpicWebHelper.exe","117716:639247872454980310","Sample","0.078125","28917760","19406848",""
"184","2026-09-12T05:25:59.3594914Z","343.670597","46004","14372","zenserver.exe","46004:639247872218402360","Sample","3.015625","140587008","223363072",""
"184","2026-09-12T05:25:59.3802958Z","343.691402","120408","14372","EpicWebHelper.exe","120408:639247872454799320","Sample","0.343750","42704896","21737472",""
"185","2026-09-12T05:26:01.0104716Z","345.321594","102480","46004","crashpad_handler.exe","102480:639247872220006830","Sample","0.031250","34418688","1634304",""
"185","2026-09-12T05:26:01.0341550Z","345.345277","102484","14372","EpicWebHelper.exe","102484:639247872454443300","Sample","12.625000","107945984","135643136",""
"185","2026-09-12T05:26:01.0566079Z","345.367735","14372","65944","UnrealEditor","14372:639247872156630390","Sample","590.562500","3957129216","3893338112",""
"185","2026-09-12T05:26:01.0786318Z","345.389754","93660","14372","EpicWebHelper.exe","93660:639247873592106100","Sample","0.031250","38821888","25358336",""
"185","2026-09-12T05:26:01.1006192Z","345.411742","117716","14372","EpicWebHelper.exe","117716:639247872454980310","Sample","0.078125","28917760","19406848",""
"185","2026-09-12T05:26:01.1221108Z","345.433233","46004","14372","zenserver.exe","46004:639247872218402360","Sample","3.031250","140582912","223358976",""
"185","2026-09-12T05:26:01.1434236Z","345.454547","120408","14372","EpicWebHelper.exe","120408:639247872454799320","Sample","0.343750","42704896","21737472",""
"186","2026-09-12T05:26:02.7430367Z","347.054175","102480","46004","crashpad_handler.exe","102480:639247872220006830","Sample","0.031250","34418688","1634304",""
"186","2026-09-12T05:26:02.7655552Z","347.076694","102484","14372","EpicWebHelper.exe","102484:639247872454443300","Sample","12.625000","107945984","135643136",""
"186","2026-09-12T05:26:02.7876230Z","347.098762","14372","65944","UnrealEditor","14372:639247872156630390","Sample","593.843750","3957260288","3893338112",""
"186","2026-09-12T05:26:02.8109075Z","347.122047","93660","14372","EpicWebHelper.exe","93660:639247873592106100","Sample","0.031250","38821888","25358336",""
"186","2026-09-12T05:26:02.8336717Z","347.144811","117716","14372","EpicWebHelper.exe","117716:639247872454980310","Sample","0.078125","28917760","19406848",""
"186","2026-09-12T05:26:02.8561479Z","347.167288","46004","14372","zenserver.exe","46004:639247872218402360","Sample","3.031250","140587008","223363072",""
"186","2026-09-12T05:26:02.8781625Z","347.189302","120408","14372","EpicWebHelper.exe","120408:639247872454799320","Sample","0.343750","42704896","21737472",""
"187","2026-09-12T05:26:04.5731739Z","348.884329","102480","46004","crashpad_handler.exe","102480:639247872220006830","Sample","0.031250","34418688","1634304",""
"187","2026-09-12T05:26:04.5934624Z","348.904619","102484","14372","EpicWebHelper.exe","102484:639247872454443300","Sample","12.625000","107945984","135643136",""
"187","2026-09-12T05:26:04.6156557Z","348.926813","14372","65944","UnrealEditor","14372:639247872156630390","Sample","597.703125","3957334016","3893338112",""
"187","2026-09-12T05:26:04.6376162Z","348.948773","93660","14372","EpicWebHelper.exe","93660:639247873592106100","Sample","0.031250","38821888","25358336",""
"187","2026-09-12T05:26:04.6597269Z","348.970884","117716","14372","EpicWebHelper.exe","117716:639247872454980310","Sample","0.078125","28917760","19406848",""
"187","2026-09-12T05:26:04.6806337Z","348.991791","46004","14372","zenserver.exe","46004:639247872218402360","Sample","3.046875","140587008","223363072",""
"187","2026-09-12T05:26:04.7025810Z","349.013738","120408","14372","EpicWebHelper.exe","120408:639247872454799320","Sample","0.343750","42704896","21737472",""
"188","2026-09-12T05:26:06.3356244Z","350.646797","102480","46004","crashpad_handler.exe","102480:639247872220006830","Sample","0.031250","34418688","1634304",""
"188","2026-09-12T05:26:06.3562501Z","350.667422","102484","14372","EpicWebHelper.exe","102484:639247872454443300","Sample","12.625000","107945984","135643136",""
"188","2026-09-12T05:26:06.3765180Z","350.687691","14372","65944","UnrealEditor","14372:639247872156630390","Sample","601.125000","3957514240","3893604352",""
"188","2026-09-12T05:26:06.3968868Z","350.708059","93660","14372","EpicWebHelper.exe","93660:639247873592106100","Sample","0.031250","38821888","25358336",""
"188","2026-09-12T05:26:06.4178358Z","350.729009","117716","14372","EpicWebHelper.exe","117716:639247872454980310","Sample","0.078125","28917760","19406848",""
"188","2026-09-12T05:26:06.4383442Z","350.749518","46004","14372","zenserver.exe","46004:639247872218402360","Sample","3.062500","140591104","223367168",""
"188","2026-09-12T05:26:06.4592378Z","350.770412","120408","14372","EpicWebHelper.exe","120408:639247872454799320","Sample","0.343750","42704896","21737472",""
"189","2026-09-12T05:26:08.0903519Z","352.401541","102480","46004","crashpad_handler.exe","102480:639247872220006830","Sample","0.031250","34418688","1634304",""
"189","2026-09-12T05:26:08.1124046Z","352.423596","102484","14372","EpicWebHelper.exe","102484:639247872454443300","Sample","12.640625","107945984","135643136",""
"189","2026-09-12T05:26:08.1347047Z","352.445896","14372","65944","UnrealEditor","14372:639247872156630390","Sample","604.640625","3957514240","3893604352",""
"189","2026-09-12T05:26:08.1564996Z","352.467690","93660","14372","EpicWebHelper.exe","93660:639247873592106100","Sample","0.031250","38821888","25358336",""
"189","2026-09-12T05:26:08.1778825Z","352.489073","117716","14372","EpicWebHelper.exe","117716:639247872454980310","Sample","0.078125","28917760","19406848",""
"189","2026-09-12T05:26:08.1991654Z","352.510356","46004","14372","zenserver.exe","46004:639247872218402360","Sample","3.093750","140582912","223358976",""
"189","2026-09-12T05:26:08.2211918Z","352.532383","120408","14372","EpicWebHelper.exe","120408:639247872454799320","Sample","0.343750","42704896","21737472",""
"190","2026-09-12T05:26:09.8476740Z","354.158880","102480","46004","crashpad_handler.exe","102480:639247872220006830","Sample","0.031250","34418688","1634304",""
"190","2026-09-12T05:26:09.8691814Z","354.180389","102484","14372","EpicWebHelper.exe","102484:639247872454443300","Sample","12.640625","107945984","135643136",""
"190","2026-09-12T05:26:09.8698981Z","354.181099","14372","65944","UnrealEditor","14372:639247872156630390","SampleFailed",,,,"Cannot find a process with the process identifier 14372."
"190","2026-09-12T05:26:09.8905747Z","354.201781","93660","14372","EpicWebHelper.exe","93660:639247873592106100","Sample","0.031250","38821888","25358336",""
"190","2026-09-12T05:26:09.9107473Z","354.221956","117716","14372","EpicWebHelper.exe","117716:639247872454980310","Sample","0.078125","28917760","19406848",""
"190","2026-09-12T05:26:09.9320152Z","354.243227","46004","14372","zenserver.exe","46004:639247872218402360","Sample","3.093750","140582912","223358976",""
"190","2026-09-12T05:26:09.9538880Z","354.265095","120408","14372","EpicWebHelper.exe","120408:639247872454799320","Sample","0.343750","42704896","21737472",""
"191","2026-09-12T05:26:11.5940580Z","355.905280","102480","46004","crashpad_handler.exe","102480:639247872220006830","Sample","0.031250","34418688","1634304",""
"191","2026-09-12T05:26:11.5941475Z","355.905363","102484","14372","EpicWebHelper.exe","102484:639247872454443300","Exited",,,,""
"191","2026-09-12T05:26:11.5941614Z","355.905377","14372","65944","UnrealEditor","14372:639247872156630390","Exited",,,,""
"191","2026-09-12T05:26:11.5941736Z","355.905389","93660","14372","EpicWebHelper.exe","93660:639247873592106100","Exited",,,,""
"191","2026-09-12T05:26:11.5941854Z","355.905401","117716","14372","EpicWebHelper.exe","117716:639247872454980310","Exited",,,,""
"191","2026-09-12T05:26:11.6140049Z","355.925229","46004","14372","zenserver.exe","46004:639247872218402360","Sample","3.109375","140615680","223490048",""
"191","2026-09-12T05:26:11.6140917Z","355.925307","120408","14372","EpicWebHelper.exe","120408:639247872454799320","Exited",,,,""
